api_name,wired,hidden,progress_stat,icon_achieved,icon_unachieved,name_koreana,desc_koreana,name_english,desc_english,name_schinese,desc_schinese,name_tchinese,desc_tchinese,name_japanese,desc_japanese
ACH_CONTRACT,yes,0,,icons/ACH_CONTRACT.png,icons/ACH_CONTRACT_locked.png,계약,3층 잊혀진 숲에서 마검과 계약한다.,The Contract,Sign the contract with the Ego Sword in the Forgotten Forest (3F).,契约,在第3层遗忘之森与魔剑立约。,契約,在第3層遺忘之森與魔劍立約。,契約,3階・忘れられた森で魔剣と契約する。
ACH_KINGSLIME,yes,0,,icons/ACH_KINGSLIME.png,icons/ACH_KINGSLIME_locked.png,왕은 이몸 하나다,4층 숲의 유적에서 킹 슬라임을 쓰러뜨린다.,The Only King Here,Defeat the King Slime in the Ruins of the Forest (4F).,王只有本大爷一个,在第4层森林遗迹击败史莱姆王。,王只有本大爺一個,在第4層森林遺跡擊敗史萊姆王。,王は我輩ただひとり,4階・森の遺跡でキングスライムを倒す。
ACH_BOSS20,yes,0,,icons/ACH_BOSS20.png,icons/ACH_BOSS20_locked.png,해 지기 전에,20층에서 묘소의 늑대를 쓰러뜨린다.,Before Sundown,Defeat the Wolf of the Catacombs on 20F.,日落之前,在第20层击败墓穴之狼。,日落之前,在第20層擊敗墓穴之狼。,日暮れまでに,20階で墓所の狼を倒す。
ACH_BOSS40,yes,0,,icons/ACH_BOSS40.png,icons/ACH_BOSS40_locked.png,내리지 않는 방패,40층에서 수로의 방패병을 쓰러뜨린다.,The Shield Never Lowered,Defeat the Shieldbearer of the Aqueduct on 40F.,从不放下的盾,在第40层击败水道之盾兵。,從不放下的盾,在第40層擊敗水道之盾兵。,下ろされぬ盾,40階で水路の盾兵を倒す。
ACH_BOSS60,yes,0,,icons/ACH_BOSS60.png,icons/ACH_BOSS60_locked.png,타다 남은 목소리,60층에서 재의 파수꾼을 쓰러뜨린다.,The Voice That Did Not Burn,Defeat the Sentinel of Ash on 60F.,未燃尽的声音,在第60层击败灰之哨兵。,未燃盡的聲音,在第60層擊敗灰之哨兵。,燃え残りの声,60階で灰の番兵を倒す。
ACH_BOSS80,yes,0,,icons/ACH_BOSS80.png,icons/ACH_BOSS80_locked.png,마지막 문,80층에서 얼어붙은 기사를 쓰러뜨린다.,The Last Door,Defeat the Frozen Knight on 80F.,最后之门,在第80层击败冰封骑士。,最後之門,在第80層擊敗冰封騎士。,最後の扉,80階で凍てついた騎士を倒す。
ACH_BOSS100,yes,0,,icons/ACH_BOSS100.png,icons/ACH_BOSS100_locked.png,검은 태양,100층에서 검은 태양을 쓰러뜨린다.,The Black Sun,Defeat the Black Sun on 100F.,黑太阳,在第100层击败黑太阳。,黑太陽,在第100層擊敗黑太陽。,黒い太陽,100階で黒い太陽を倒す。
ACH_END_SEAL,yes,0,,icons/ACH_END_SEAL.png,icons/ACH_END_SEAL_locked.png,"잘 자, 잠꾸러기",마지막 선택에서 검을 왕좌에 꽂는다.,"Sleep Well, Sleepyhead","At the final choice, plant the sword in the Throne.",晚安，瞌睡虫,在最后的抉择中，将剑插进王座。,晚安，瞌睡蟲,在最後的抉擇中，將劍插進王座。,おやすみ、寝ぼすけ,最後の選択で、剣を玉座に突き立てる。
ACH_END_HOLD,yes,0,,icons/ACH_END_HOLD.png,icons/ACH_END_HOLD_locked.png,영원한 동반자,아직 배고픈 검을 끝까지 놓지 않는다.,Eternal Companion,Don't let go of the sword while it is still hungry.,永恒的伴侣,剑还饿着，也握着它不放手。,永恆的伴侶,劍還餓著，也握著它不放手。,永遠の伴侶,まだ腹を空かせた剣を、最後まで放さない。
ACH_END_DAWN,yes,1,,icons/ACH_END_DAWN.png,icons/ACH_END_DAWN_locked.png,배부른 검,배부른 검을 끝까지 놓지 않는다.,The Sated Sword,Don't let go of the sword once it is full.,吃饱的剑,握着吃饱的剑，不放手。,吃飽的劍,握著吃飽的劍，不放手。,満腹の剣,満腹になった剣を、最後まで放さない。
ACH_END_ALL,yes,0,ENDINGS_SEEN,icons/ACH_END_ALL.png,icons/ACH_END_ALL_locked.png,세 갈래 길,세 가지 결말을 모두 본다.,Three Roads,See all three endings.,三条路,看遍全部三个结局。,三條路,看遍全部三個結局。,三つの道,三つの結末をすべて見る。
ACH_CRIT_CARRY,yes,0,,icons/ACH_CRIT_CARRY.png,icons/ACH_CRIT_CARRY_locked.png,이어지는 숨,'첫 타 치명' 으로 싸움을 열고 이긴다. 세던 숨은 싸움이 끝나도 이어진다.,The Breath Carries Over,"Open a fight on ""First hit crits"" and win it. The breaths you count carry over, even after a fight ends.",呼吸不断,以「首击暴击」开启一场战斗并获胜。数着的呼吸，打完一场也不会断。,呼吸不斷,以「首擊暴擊」開啟一場戰鬥並獲勝。數著的呼吸，打完一場也不會斷。,続く息,「初撃が会心」の状態で戦いを始め、勝つ。数えた息は、戦いが終わっても続く。
ACH_NO_SPILL,yes,0,,icons/ACH_NO_SPILL.png,icons/ACH_NO_SPILL_locked.png,한 방울도,"다섯 층을 잇달아, 회복을 한 번도 넘치게 하지 않는다.",Not a Drop Spilled,Go five floors in a row without wasting any healing.,滴水不漏,连续5层，恢复一次都不溢出。,滴水不漏,連續5層，恢復一次都不溢出。,一滴もこぼさず,5階続けて、回復を一度も溢れさせない。
ACH_SLIVER,yes,0,,icons/ACH_SLIVER.png,icons/ACH_SLIVER_locked.png,한 끗,최대 체력의 1% 이하만 남기고 싸움에서 이긴다.,By a Hair,Win a fight with 1% of your max HP or less left.,千钧一发,剩余生命不超过最大生命值的1%时赢下一场战斗。,千鈞一髮,剩餘生命不超過最大生命值的1%時贏下一場戰鬥。,紙一重,最大体力の1%以下を残して戦いに勝つ。
ACH_BOSS_BARE,yes,0,,icons/ACH_BOSS_BARE.png,icons/ACH_BOSS_BARE_locked.png,맨손의 셈,스킬을 하나도 쓰지 않고 챕터 보스(20·40·60·80·100층)를 쓰러뜨린다.,Bare Arithmetic,"Defeat a chapter boss (20F, 40F, 60F, 80F or 100F) without using a skill.",徒手算账,不使用任何技能击败章节首领（第20、40、60、80或100层）。,徒手算帳,不使用任何技能擊敗章節首領（第20、40、60、80或100層）。,素手の勘定,スキルを一度も使わずに章ボス（20・40・60・80・100階）を倒す。
ACH_UNDER_PAR,yes,0,,icons/ACH_UNDER_PAR.png,icons/ACH_UNDER_PAR_locked.png,예언보다 싸게,기준보다 적게 치르고 한 층을 끝낸다.,Cheaper Than Foretold,Finish a floor paying less than par.,比预言更便宜,以低于基准的代价打完一层。,比預言更便宜,以低於基準的代價打完一層。,予言より安く,基準より少ない値段で、ひとつの階を終える。
ACH_CH_3STAR,yes,0,,icons/ACH_CH_3STAR.png,icons/ACH_CH_3STAR_locked.png,값을 아는 자,한 챕터의 결산을 모두 ★★★로 받는다.,Knows the Price,Earn ★★★ on every tally in a chapter.,懂价码的人,一个章节的每次结算都获得★★★。,懂價碼的人,一個章節的每次結算都獲得★★★。,値段を知る者,ひとつの章の決算をすべて★★★で終える。
ACH_DAWN_PAR,yes,1,,icons/ACH_DAWN_PAR.png,icons/ACH_DAWN_PAR_locked.png,"배불리, 싸게",판 전체를 기준 이하로 치르고 새벽 결말을 본다.,Fed and Frugal,Reach the dawn ending with the whole climb at or under par.,吃得饱，花得少,整局代价不超过基准，迎来黎明结局。,吃得飽，花得少,整局代價不超過基準，迎來黎明結局。,腹いっぱい、安上がり,全体を基準以下の値段で済ませ、夜明けの結末を迎える。
ACH_TOWER,yes,0,,icons/ACH_TOWER.png,icons/ACH_TOWER_locked.png,탑의 법,탑의 법으로 100층 보스를 쓰러뜨린다.,The Tower's Law,Defeat the 100F boss on Tower's Law.,塔之法则,在「塔之法则」下击败第100层首领。,塔之法則,在「塔之法則」下擊敗第100層首領。,塔の掟,「塔の掟」で100階のボスを倒す。
ACH_TOWER_DAWN,yes,1,,icons/ACH_TOWER_DAWN.png,icons/ACH_TOWER_DAWN_locked.png,법 위의 새벽,탑의 법으로 새벽 결말을 본다.,Dawn Under Law,Reach the dawn ending on Tower's Law.,律下黎明,在「塔之法则」下迎来黎明结局。,律下黎明,在「塔之法則」下迎來黎明結局。,掟の上の夜明け,「塔の掟」で夜明けの結末を迎える。
