ID,챕터,특성 ID,몹이름,공격력,방어력,체력,공격속도,방어속도,치명타,치명공격력,보상_경험치,보상 아이템,몬스터_대기,몬스터_공격,전투파티클_공격,전투파티클_피격,몬스터_그림자,몹 이름 ID,몹 설명 ID,기준 손실(HP)
0,0,0,라임 슬라임,5.0,0.0,25.0,1.0,0.1,99.0,200.0,10.0,-1,Mob_C0_I000,Mob_C0_A000,FX_WeaponSlash_00,FX_WeaponHit_14,Mob_Shadow_000,10000,20000,0.0
1,0,0,망고 슬라임,7.0,1.0,30.0,1.2,0.1,99.0,200.0,15.0,-1,Mob_C0_I001,Mob_C0_A001,FX_WeaponSlash_00,FX_WeaponHit_15,Mob_Shadow_000,10001,20001,0.0
2,0,0,크로우,10.0,2.0,35.0,1.4,0.1,99.0,200.0,25.0,-1,Mob_C0_I002,Mob_C0_A002,FX_WeaponSlash_00,FX_WeaponHit_16,Mob_Shadow_000,10002,20002,0.0
3,0,0,숲의 정령,20.0,0.0,45.0,0.7,0.5,99.0,200.0,35.0,-1,Mob_C0_I003,Mob_C0_A003,FX_WeaponSlash_00,FX_WeaponHit_17,Mob_Shadow_000,10003,20003,0.0
4,0,0,야생 늑대,15.0,3.0,80.0,1.3,0.2,99.0,200.0,45.0,-1,Mob_C0_I004,Mob_C0_A004,FX_WeaponSlash_00,FX_WeaponHit_18,Mob_Shadow_000,10004,20004,0.0
5,0,9,킹 슬라임,15.0,4.0,150.0,1.0,0.3,99.0,200.0,100.0,5,Boss_C0_I000,Boss_C0_A000,FX_WeaponSlash_00,FX_WeaponHit_18,Mob_Shadow_000,10005,20005,0.0
6,0,0,둔기 슬라임,35.0,3.0,50.0,0.7,0.1,99.0,200.0,35.0,-1,Boss_C0_I001,Boss_C0_A001,FX_WeaponSlash_00,FX_WeaponHit_18,Mob_Shadow_000,10006,20006,0.0
7,0,0,단검 슬라임,20.0,0.0,30.0,2.5,0.1,99.0,200.0,35.0,-1,Boss_C0_I002,Boss_C0_A002,FX_WeaponSlash_00,FX_WeaponHit_18,Mob_Shadow_000,10007,20007,0.0
8,0,0,방패 슬라임,10.0,10.0,100.0,0.5,0.8,99.0,200.0,35.0,-1,Boss_C0_I003,Boss_C0_A003,FX_WeaponSlash_00,FX_WeaponHit_18,Mob_Shadow_000,10008,20008,0.0
9,1,0,,8.0,0.0,20.0,0.0,0.0,99.0,200.0,10.0,-1,Mob_C1_I000,Mob_C1_A000,,,Mob_Shadow_000,0,0,0.0
10,1,0,,6.0,1.0,35.0,0.0,0.0,99.0,200.0,15.0,-1,Mob_C1_I001,Mob_C1_A001,,,Mob_Shadow_000,0,0,0.0
11,1,0,,10.0,2.0,25.0,0.0,0.0,99.0,200.0,25.0,-1,Mob_C1_I002,Mob_C1_A002,,,Mob_Shadow_000,0,0,0.0
12,1,0,,15.0,0.0,40.0,0.0,0.0,99.0,200.0,35.0,-1,Mob_C1_I003,Mob_C1_A003,,,Mob_Shadow_000,0,0,0.0
13,1,0,,18.0,5.0,50.0,0.0,0.0,99.0,200.0,45.0,-1,Mob_C1_I004,Mob_C1_A004,,,Mob_Shadow_000,0,0,0.0
14,1,0,,25.0,5.0,60.0,0.0,0.0,99.0,200.0,55.0,-1,Mob_C1_I005,Mob_C1_A005,,,Mob_Shadow_000,0,0,0.0
15,1,0,,10.0,35.0,10.0,0.0,0.0,99.0,200.0,60.0,-1,Mob_C1_I006,Mob_C1_A006,,,Mob_Shadow_000,0,0,0.0
16,1,0,,35.0,10.0,100.0,0.0,0.0,99.0,200.0,80.0,-1,Mob_C1_I007,Mob_C1_A007,,,Mob_Shadow_000,0,0,0.0
1040,0,0,이끼 늑대,25.0,25.0,153.0,0.98,0.1,99.0,200.0,49.0,-1,Mob_C0_I004,Mob_C0_A004,FX_WeaponSlash_00,FX_WeaponHit_14,Mob_Shadow_000,11040,21040,10.0
1041,0,0,이끼 늑대,25.0,25.0,153.0,0.98,0.1,99.0,200.0,49.0,-1,Mob_C0_I004,Mob_C0_A004,FX_WeaponSlash_00,FX_WeaponHit_14,Mob_Shadow_000,11041,21041,10.0
1042,0,0,이끼 늑대,25.0,25.0,153.0,0.98,0.1,99.0,200.0,49.0,-1,Mob_C0_I004,Mob_C0_A004,FX_WeaponSlash_00,FX_WeaponHit_14,Mob_Shadow_000,11042,21042,10.0
1043,0,0,이끼 고블린 방패병,26.0,25.0,153.0,0.98,0.1,99.0,200.0,49.0,-1,Mob_C0_I007,Mob_C0_A007,FX_WeaponSlash_00,FX_WeaponHit_14,Mob_Shadow_000,11043,21043,13.0
1044,0,0,이끼 파수꾼,28.0,25.0,153.0,0.98,0.1,99.0,200.0,49.0,-1,Mob_C0_I008,Mob_C0_I008,FX_WeaponSlash_00,FX_WeaponHit_14,Mob_Shadow_000,11044,21044,19.0
1048,0,0,이끼 고블린 창병,27.0,27.0,162.0,1.01,0.1,99.0,200.0,53.0,-1,Mob_C0_I005,Mob_C0_A005,FX_WeaponSlash_00,FX_WeaponHit_14,Mob_Shadow_000,11048,21048,10.0
1049,0,0,이끼 고블린 창병,27.0,27.0,162.0,1.01,0.1,99.0,200.0,53.0,-1,Mob_C0_I005,Mob_C0_A005,FX_WeaponSlash_00,FX_WeaponHit_14,Mob_Shadow_000,11049,21049,10.0
1050,0,0,이끼 고블린 창병,27.0,27.0,162.0,1.01,0.1,99.0,200.0,53.0,-1,Mob_C0_I005,Mob_C0_A005,FX_WeaponSlash_00,FX_WeaponHit_14,Mob_Shadow_000,11050,21050,10.0
1051,0,0,이끼 파수꾼,28.0,27.0,152.0,1.01,0.1,99.0,200.0,53.0,-1,Mob_C0_I008,Mob_C0_I008,FX_WeaponSlash_00,FX_WeaponHit_14,Mob_Shadow_000,11051,21051,13.0
1052,0,1,이끼 거수,31.0,31.0,112.0,0.91,0.1,99.0,200.0,53.0,-1,Mob_C0_I009,Mob_C0_A009,FX_WeaponSlash_06,FX_WeaponHit_11,Mob_Shadow_000,11052,21052,21.0
1056,0,0,이끼 해골 전사,31.0,28.0,171.0,1.03,0.1,99.0,200.0,58.0,-1,Mob_C0_I006,Mob_C0_A006,FX_WeaponSlash_00,FX_WeaponHit_14,Mob_Shadow_000,11056,21056,13.0
1057,0,0,이끼 해골 전사,31.0,28.0,171.0,1.03,0.1,99.0,200.0,58.0,-1,Mob_C0_I006,Mob_C0_A006,FX_WeaponSlash_00,FX_WeaponHit_14,Mob_Shadow_000,11057,21057,13.0
1058,0,0,이끼 해골 전사,31.0,28.0,171.0,1.03,0.1,99.0,200.0,58.0,-1,Mob_C0_I006,Mob_C0_A006,FX_WeaponSlash_00,FX_WeaponHit_14,Mob_Shadow_000,11058,21058,13.0
1059,0,0,이끼 거수,32.0,28.0,168.0,1.03,0.1,99.0,200.0,58.0,-1,Mob_C0_I009,Mob_C0_A009,FX_WeaponSlash_00,FX_WeaponHit_14,Mob_Shadow_000,11059,21059,16.0
1060,0,1,이끼 라임 슬라임,34.0,32.0,120.0,0.93,0.1,99.0,200.0,58.0,-1,Mob_C0_I000,Mob_C0_A000,FX_WeaponSlash_06,FX_WeaponHit_11,Mob_Shadow_000,11060,21060,21.0
1064,0,0,이끼 고블린 방패병,33.0,29.0,180.0,1.05,0.1,99.0,200.0,63.0,-1,Mob_C0_I007,Mob_C0_A007,FX_WeaponSlash_00,FX_WeaponHit_14,Mob_Shadow_000,11064,21064,13.0
1065,0,0,이끼 고블린 방패병,33.0,29.0,180.0,1.05,0.1,99.0,200.0,63.0,-1,Mob_C0_I007,Mob_C0_A007,FX_WeaponSlash_00,FX_WeaponHit_14,Mob_Shadow_000,11065,21065,13.0
1066,0,0,이끼 고블린 방패병,33.0,29.0,180.0,1.05,0.1,99.0,200.0,63.0,-1,Mob_C0_I007,Mob_C0_A007,FX_WeaponSlash_00,FX_WeaponHit_14,Mob_Shadow_000,11066,21066,13.0
1067,0,0,이끼 라임 슬라임,34.0,29.0,180.0,1.05,0.1,99.0,200.0,63.0,-1,Mob_C0_I000,Mob_C0_A000,FX_WeaponSlash_00,FX_WeaponHit_14,Mob_Shadow_000,11067,21067,16.0
1068,0,1,이끼 망고 슬라임,37.0,34.0,120.0,0.95,0.1,99.0,200.0,63.0,-1,Mob_C0_I001,Mob_C0_A001,FX_WeaponSlash_06,FX_WeaponHit_11,Mob_Shadow_000,11068,21068,24.0
1072,0,0,이끼 파수꾼,36.0,31.0,207.0,1.07,0.1,99.0,200.0,68.0,-1,Mob_C0_I008,Mob_C0_I008,FX_WeaponSlash_00,FX_WeaponHit_14,Mob_Shadow_000,11072,21072,13.0
1073,0,0,이끼 파수꾼,36.0,31.0,207.0,1.07,0.1,99.0,200.0,68.0,-1,Mob_C0_I008,Mob_C0_I008,FX_WeaponSlash_00,FX_WeaponHit_14,Mob_Shadow_000,11073,21073,13.0
1074,0,0,이끼 파수꾼,36.0,31.0,207.0,1.07,0.1,99.0,200.0,68.0,-1,Mob_C0_I008,Mob_C0_I008,FX_WeaponSlash_00,FX_WeaponHit_14,Mob_Shadow_000,11074,21074,13.0
1075,0,0,이끼 망고 슬라임,37.0,31.0,220.0,1.07,0.1,99.0,200.0,68.0,-1,Mob_C0_I001,Mob_C0_A001,FX_WeaponSlash_00,FX_WeaponHit_14,Mob_Shadow_000,11075,21075,16.0
1076,0,1,이끼 크로우,38.0,37.0,137.0,0.96,0.1,99.0,200.0,68.0,-1,Mob_C0_I002,Mob_C0_A002,FX_WeaponSlash_06,FX_WeaponHit_11,Mob_Shadow_000,11076,21076,24.0
1080,0,0,이끼 거수,41.0,33.0,225.0,1.09,0.1,99.0,200.0,74.0,-1,Mob_C0_I009,Mob_C0_A009,FX_WeaponSlash_00,FX_WeaponHit_14,Mob_Shadow_000,11080,21080,16.0
1081,0,0,이끼 거수,41.0,33.0,225.0,1.09,0.1,99.0,200.0,74.0,-1,Mob_C0_I009,Mob_C0_A009,FX_WeaponSlash_00,FX_WeaponHit_14,Mob_Shadow_000,11081,21081,16.0
1082,0,0,이끼 거수,41.0,33.0,225.0,1.09,0.1,99.0,200.0,74.0,-1,Mob_C0_I009,Mob_C0_A009,FX_WeaponSlash_00,FX_WeaponHit_14,Mob_Shadow_000,11082,21082,16.0
1083,0,0,이끼 크로우,42.0,33.0,230.0,1.09,0.1,99.0,200.0,74.0,-1,Mob_C0_I002,Mob_C0_A002,FX_WeaponSlash_00,FX_WeaponHit_14,Mob_Shadow_000,11083,21083,19.0
1084,0,1,이끼 정령,43.0,39.0,146.0,0.98,0.1,99.0,200.0,74.0,-1,Mob_C0_I003,Mob_C0_A003,FX_WeaponSlash_06,FX_WeaponHit_11,Mob_Shadow_000,11084,21084,28.0
1088,0,1,이끼 라임 슬라임,43.0,41.0,154.0,1.0,0.1,99.0,200.0,81.0,-1,Mob_C0_I000,Mob_C0_A000,FX_WeaponSlash_06,FX_WeaponHit_11,Mob_Shadow_000,11088,21088,16.0
1089,0,1,이끼 라임 슬라임,43.0,41.0,154.0,1.0,0.1,99.0,200.0,81.0,-1,Mob_C0_I000,Mob_C0_A000,FX_WeaponSlash_06,FX_WeaponHit_11,Mob_Shadow_000,11089,21089,16.0
1090,0,1,이끼 라임 슬라임,43.0,41.0,154.0,1.0,0.1,99.0,200.0,81.0,-1,Mob_C0_I000,Mob_C0_A000,FX_WeaponSlash_06,FX_WeaponHit_11,Mob_Shadow_000,11090,21090,16.0
1091,0,0,이끼 정령,46.0,35.0,240.0,1.11,0.1,99.0,200.0,81.0,-1,Mob_C0_I003,Mob_C0_A003,FX_WeaponSlash_00,FX_WeaponHit_14,Mob_Shadow_000,11091,21091,22.0
1092,0,0,이끼 늑대,49.0,35.0,240.0,1.11,0.1,99.0,200.0,81.0,-1,Mob_C0_I004,Mob_C0_A004,FX_WeaponSlash_00,FX_WeaponHit_14,Mob_Shadow_000,11092,21092,31.0
1096,0,1,이끼 망고 슬라임,46.0,44.0,163.0,1.02,0.1,99.0,200.0,88.0,-1,Mob_C0_I001,Mob_C0_A001,FX_WeaponSlash_06,FX_WeaponHit_11,Mob_Shadow_000,11096,21096,16.0
1097,0,1,이끼 망고 슬라임,46.0,44.0,163.0,1.02,0.1,99.0,200.0,88.0,-1,Mob_C0_I001,Mob_C0_A001,FX_WeaponSlash_06,FX_WeaponHit_11,Mob_Shadow_000,11097,21097,16.0
1098,0,1,이끼 망고 슬라임,46.0,44.0,163.0,1.02,0.1,99.0,200.0,88.0,-1,Mob_C0_I001,Mob_C0_A001,FX_WeaponSlash_06,FX_WeaponHit_11,Mob_Shadow_000,11098,21098,16.0
1099,0,0,이끼 늑대,47.0,37.0,260.0,1.13,0.1,99.0,200.0,88.0,-1,Mob_C0_I004,Mob_C0_A004,FX_WeaponSlash_00,FX_WeaponHit_14,Mob_Shadow_000,11099,21099,21.0
1100,0,0,이끼 고블린 창병,50.0,37.0,243.0,1.13,0.1,99.0,200.0,88.0,-1,Mob_C0_I005,Mob_C0_A005,FX_WeaponSlash_00,FX_WeaponHit_14,Mob_Shadow_000,11100,21100,33.0
1104,0,1,이끼 크로우,51.0,46.0,171.0,1.03,0.1,99.0,200.0,96.0,-1,Mob_C0_I002,Mob_C0_A002,FX_WeaponSlash_06,FX_WeaponHit_11,Mob_Shadow_000,11104,21104,20.0
1105,0,1,이끼 크로우,51.0,46.0,171.0,1.03,0.1,99.0,200.0,96.0,-1,Mob_C0_I002,Mob_C0_A002,FX_WeaponSlash_06,FX_WeaponHit_11,Mob_Shadow_000,11105,21105,20.0
1106,0,1,이끼 크로우,51.0,46.0,171.0,1.03,0.1,99.0,200.0,96.0,-1,Mob_C0_I002,Mob_C0_A002,FX_WeaponSlash_06,FX_WeaponHit_11,Mob_Shadow_000,11106,21106,20.0
1107,0,0,이끼 고블린 창병,52.0,39.0,270.0,1.15,0.1,99.0,200.0,96.0,-1,Mob_C0_I005,Mob_C0_A005,FX_WeaponSlash_00,FX_WeaponHit_14,Mob_Shadow_000,11107,21107,25.0
1108,0,0,이끼 해골 전사,54.0,39.0,261.0,1.15,0.1,99.0,200.0,96.0,-1,Mob_C0_I006,Mob_C0_A006,FX_WeaponSlash_00,FX_WeaponHit_14,Mob_Shadow_000,11108,21108,33.0
1112,0,1,이끼 정령,53.0,48.0,195.0,1.05,0.1,99.0,200.0,104.0,-1,Mob_C0_I003,Mob_C0_A003,FX_WeaponSlash_06,FX_WeaponHit_11,Mob_Shadow_000,11112,21112,20.0
1113,0,1,이끼 정령,53.0,48.0,195.0,1.05,0.1,99.0,200.0,104.0,-1,Mob_C0_I003,Mob_C0_A003,FX_WeaponSlash_06,FX_WeaponHit_11,Mob_Shadow_000,11113,21113,20.0
1114,0,1,이끼 정령,53.0,48.0,195.0,1.05,0.1,99.0,200.0,104.0,-1,Mob_C0_I003,Mob_C0_A003,FX_WeaponSlash_06,FX_WeaponHit_11,Mob_Shadow_000,11114,21114,20.0
1115,0,0,이끼 해골 전사,55.0,41.0,280.0,1.17,0.1,99.0,200.0,104.0,-1,Mob_C0_I006,Mob_C0_A006,FX_WeaponSlash_00,FX_WeaponHit_14,Mob_Shadow_000,11115,21115,25.0
1116,0,0,이끼 고블린 방패병,58.0,41.0,279.0,1.17,0.1,99.0,200.0,104.0,-1,Mob_C0_I007,Mob_C0_A007,FX_WeaponSlash_00,FX_WeaponHit_14,Mob_Shadow_000,11116,21116,37.0
1120,0,1,이끼 늑대,56.0,51.0,204.0,1.07,0.1,99.0,200.0,114.0,-1,Mob_C0_I004,Mob_C0_A004,FX_WeaponSlash_06,FX_WeaponHit_11,Mob_Shadow_000,11120,21120,20.0
1121,0,1,이끼 늑대,56.0,51.0,204.0,1.07,0.1,99.0,200.0,114.0,-1,Mob_C0_I004,Mob_C0_A004,FX_WeaponSlash_06,FX_WeaponHit_11,Mob_Shadow_000,11121,21121,20.0
1122,0,1,이끼 늑대,56.0,51.0,204.0,1.07,0.1,99.0,200.0,114.0,-1,Mob_C0_I004,Mob_C0_A004,FX_WeaponSlash_06,FX_WeaponHit_11,Mob_Shadow_000,11122,21122,20.0
1123,0,0,이끼 고블린 방패병,58.0,43.0,310.0,1.19,0.1,99.0,200.0,114.0,-1,Mob_C0_I007,Mob_C0_A007,FX_WeaponSlash_00,FX_WeaponHit_14,Mob_Shadow_000,11123,21123,25.0
1124,0,0,이끼 파수꾼,61.0,43.0,330.0,1.19,0.1,99.0,200.0,114.0,-1,Mob_C0_I008,Mob_C0_I008,FX_WeaponSlash_00,FX_WeaponHit_14,Mob_Shadow_000,11124,21124,37.0
1128,0,1,이끼 고블린 창병,60.0,53.0,214.0,1.1,0.1,99.0,200.0,124.0,-1,Mob_C0_I005,Mob_C0_A005,FX_WeaponSlash_06,FX_WeaponHit_11,Mob_Shadow_000,11128,21128,20.0
1129,0,1,이끼 고블린 창병,60.0,53.0,214.0,1.1,0.1,99.0,200.0,124.0,-1,Mob_C0_I005,Mob_C0_A005,FX_WeaponSlash_06,FX_WeaponHit_11,Mob_Shadow_000,11129,21129,20.0
1130,0,1,이끼 고블린 창병,60.0,53.0,214.0,1.1,0.1,99.0,200.0,124.0,-1,Mob_C0_I005,Mob_C0_A005,FX_WeaponSlash_06,FX_WeaponHit_11,Mob_Shadow_000,11130,21130,20.0
1131,0,0,이끼 파수꾼,61.0,45.0,330.0,1.22,0.1,99.0,200.0,124.0,-1,Mob_C0_I008,Mob_C0_I008,FX_WeaponSlash_00,FX_WeaponHit_14,Mob_Shadow_000,11131,21131,26.0
1132,0,5,이끼 거수,60.0,36.0,400.0,2.44,0.1,99.0,200.0,124.0,-1,Mob_C0_I009,Mob_C0_A009,FX_WeaponSlash_05,FX_WeaponHit_17,Mob_Shadow_000,11132,21132,41.0
1136,0,1,이끼 해골 전사,63.0,55.0,223.0,1.12,0.1,99.0,200.0,135.0,-1,Mob_C0_I006,Mob_C0_A006,FX_WeaponSlash_06,FX_WeaponHit_11,Mob_Shadow_000,11136,21136,24.0
1137,0,1,이끼 해골 전사,63.0,55.0,223.0,1.12,0.1,99.0,200.0,135.0,-1,Mob_C0_I006,Mob_C0_A006,FX_WeaponSlash_06,FX_WeaponHit_11,Mob_Shadow_000,11137,21137,24.0
1138,0,1,이끼 해골 전사,63.0,55.0,223.0,1.12,0.1,99.0,200.0,135.0,-1,Mob_C0_I006,Mob_C0_A006,FX_WeaponSlash_06,FX_WeaponHit_11,Mob_Shadow_000,11138,21138,24.0
1139,0,0,이끼 거수,65.0,47.0,350.0,1.24,0.1,99.0,200.0,135.0,-1,Mob_C0_I009,Mob_C0_A009,FX_WeaponSlash_00,FX_WeaponHit_14,Mob_Shadow_000,11139,21139,31.0
1140,0,5,이끼 라임 슬라임,63.0,37.0,420.0,2.48,0.1,99.0,200.0,135.0,-1,Mob_C0_I000,Mob_C0_A000,FX_WeaponSlash_05,FX_WeaponHit_17,Mob_Shadow_000,11140,21140,41.0
1144,0,1,이끼 고블린 방패병,67.0,58.0,232.0,1.13,0.1,99.0,200.0,147.0,-1,Mob_C0_I007,Mob_C0_A007,FX_WeaponSlash_06,FX_WeaponHit_11,Mob_Shadow_000,11144,21144,25.0
1145,0,1,이끼 고블린 방패병,67.0,58.0,232.0,1.13,0.1,99.0,200.0,147.0,-1,Mob_C0_I007,Mob_C0_A007,FX_WeaponSlash_06,FX_WeaponHit_11,Mob_Shadow_000,11145,21145,25.0
1146,0,1,이끼 고블린 방패병,67.0,58.0,232.0,1.13,0.1,99.0,200.0,147.0,-1,Mob_C0_I007,Mob_C0_A007,FX_WeaponSlash_06,FX_WeaponHit_11,Mob_Shadow_000,11146,21146,25.0
1147,0,0,이끼 라임 슬라임,68.0,49.0,374.0,1.26,0.1,99.0,200.0,147.0,-1,Mob_C0_I000,Mob_C0_A000,FX_WeaponSlash_00,FX_WeaponHit_14,Mob_Shadow_000,11147,21147,31.0
1148,0,5,이끼 망고 슬라임,66.0,39.0,440.0,2.52,0.1,99.0,200.0,147.0,-1,Mob_C0_I001,Mob_C0_A001,FX_WeaponSlash_05,FX_WeaponHit_17,Mob_Shadow_000,11148,21148,41.0
1152,0,1,이끼 파수꾼,71.0,60.0,269.0,1.15,0.1,99.0,200.0,160.0,-1,Mob_C0_I008,Mob_C0_I008,FX_WeaponSlash_06,FX_WeaponHit_11,Mob_Shadow_000,11152,21152,24.0
1153,0,1,이끼 파수꾼,71.0,60.0,269.0,1.15,0.1,99.0,200.0,160.0,-1,Mob_C0_I008,Mob_C0_I008,FX_WeaponSlash_06,FX_WeaponHit_11,Mob_Shadow_000,11153,21153,24.0
1154,0,1,이끼 파수꾼,71.0,60.0,269.0,1.15,0.1,99.0,200.0,160.0,-1,Mob_C0_I008,Mob_C0_I008,FX_WeaponSlash_06,FX_WeaponHit_11,Mob_Shadow_000,11154,21154,24.0
1155,0,0,이끼 망고 슬라임,74.0,52.0,385.0,1.28,0.1,99.0,200.0,160.0,-1,Mob_C0_I001,Mob_C0_A001,FX_WeaponSlash_00,FX_WeaponHit_14,Mob_Shadow_000,11155,21155,36.0
1156,0,5,이끼 크로우,72.0,41.0,460.0,2.56,0.1,99.0,200.0,160.0,-1,Mob_C0_I002,Mob_C0_A002,FX_WeaponSlash_05,FX_WeaponHit_17,Mob_Shadow_000,11156,21156,51.0
1160,0,1,이끼 거수,76.0,63.0,280.0,1.17,0.1,99.0,200.0,174.0,-1,Mob_C0_I009,Mob_C0_A009,FX_WeaponSlash_06,FX_WeaponHit_11,Mob_Shadow_000,11160,21160,30.0
1161,0,1,이끼 거수,76.0,63.0,280.0,1.17,0.1,99.0,200.0,174.0,-1,Mob_C0_I009,Mob_C0_A009,FX_WeaponSlash_06,FX_WeaponHit_11,Mob_Shadow_000,11161,21161,30.0
1162,0,1,이끼 거수,76.0,63.0,280.0,1.17,0.1,99.0,200.0,174.0,-1,Mob_C0_I009,Mob_C0_A009,FX_WeaponSlash_06,FX_WeaponHit_11,Mob_Shadow_000,11162,21162,30.0
1163,0,0,이끼 크로우,78.0,54.0,407.0,1.3,0.1,99.0,200.0,174.0,-1,Mob_C0_I002,Mob_C0_A002,FX_WeaponSlash_00,FX_WeaponHit_14,Mob_Shadow_000,11163,21163,36.0
1164,0,5,이끼 정령,76.0,43.0,480.0,2.6,0.1,99.0,200.0,174.0,-1,Mob_C0_I003,Mob_C0_A003,FX_WeaponSlash_05,FX_WeaponHit_17,Mob_Shadow_000,11164,21164,51.0
900,0,1,묘소의 늑대,93.0,66.0,614.0,0.99,0.15,20.0,200.0,523.0,32,Mob_C0_I004,Mob_C0_A004,FX_WeaponSlash_06,FX_WeaponHit_04,Mob_Shadow_000,10900,20900,162.0
1168,1,5,수렁 라임 슬라임,79.0,46.0,324.0,1.8,0.1,99.0,200.0,190.0,-1,Mob_C0_I000,Mob_C0_A000,FX_WeaponSlash_05,FX_WeaponHit_17,Mob_Shadow_000,11168,21168,20.0
1169,1,5,수렁 라임 슬라임,79.0,46.0,324.0,1.8,0.1,99.0,200.0,190.0,-1,Mob_C0_I000,Mob_C0_A000,FX_WeaponSlash_05,FX_WeaponHit_17,Mob_Shadow_000,11169,21169,20.0
1170,1,5,수렁 라임 슬라임,79.0,46.0,324.0,1.8,0.1,99.0,200.0,190.0,-1,Mob_C0_I000,Mob_C0_A000,FX_WeaponSlash_05,FX_WeaponHit_17,Mob_Shadow_000,11170,21170,20.0
1171,1,0,수렁 정령,89.0,57.0,312.0,0.9,0.1,99.0,200.0,190.0,-1,Mob_C0_I003,Mob_C0_A003,FX_WeaponSlash_00,FX_WeaponHit_14,Mob_Shadow_000,11171,21171,29.0
1172,1,3,수렁 늑대,96.0,67.0,181.0,0.81,0.2,99.0,200.0,190.0,-1,Mob_C0_I004,Mob_C0_A004,FX_WeaponSlash_02,FX_WeaponHit_15,Mob_Shadow_000,11172,21172,42.0
1176,1,5,수렁 망고 슬라임,84.0,48.0,399.0,1.84,0.1,99.0,200.0,207.0,-1,Mob_C0_I001,Mob_C0_A001,FX_WeaponSlash_05,FX_WeaponHit_17,Mob_Shadow_000,11176,21176,24.0
1177,1,5,수렁 망고 슬라임,84.0,48.0,399.0,1.84,0.1,99.0,200.0,207.0,-1,Mob_C0_I001,Mob_C0_A001,FX_WeaponSlash_05,FX_WeaponHit_17,Mob_Shadow_000,11177,21177,24.0
1178,1,5,수렁 망고 슬라임,84.0,48.0,399.0,1.84,0.1,99.0,200.0,207.0,-1,Mob_C0_I001,Mob_C0_A001,FX_WeaponSlash_05,FX_WeaponHit_17,Mob_Shadow_000,11178,21178,24.0
1179,1,0,수렁 늑대,90.0,60.0,320.0,0.92,0.1,99.0,200.0,207.0,-1,Mob_C0_I004,Mob_C0_A004,FX_WeaponSlash_00,FX_WeaponHit_14,Mob_Shadow_000,11179,21179,30.0
1180,1,3,수렁 고블린 창병,102.0,70.0,193.0,0.83,0.2,99.0,200.0,207.0,-1,Mob_C0_I005,Mob_C0_A005,FX_WeaponSlash_02,FX_WeaponHit_15,Mob_Shadow_000,11180,21180,45.0
1184,1,5,수렁 크로우,88.0,49.0,427.0,1.88,0.1,99.0,200.0,226.0,-1,Mob_C0_I002,Mob_C0_A002,FX_WeaponSlash_05,FX_WeaponHit_17,Mob_Shadow_000,11184,21184,24.0
1185,1,5,수렁 크로우,88.0,49.0,427.0,1.88,0.1,99.0,200.0,226.0,-1,Mob_C0_I002,Mob_C0_A002,FX_WeaponSlash_05,FX_WeaponHit_17,Mob_Shadow_000,11185,21185,24.0
1186,1,5,수렁 크로우,88.0,49.0,427.0,1.88,0.1,99.0,200.0,226.0,-1,Mob_C0_I002,Mob_C0_A002,FX_WeaponSlash_05,FX_WeaponHit_17,Mob_Shadow_000,11186,21186,24.0
1187,1,0,수렁 고블린 창병,95.0,62.0,378.0,0.94,0.1,99.0,200.0,226.0,-1,Mob_C0_I005,Mob_C0_A005,FX_WeaponSlash_00,FX_WeaponHit_14,Mob_Shadow_000,11187,21187,33.0
1188,1,3,수렁 해골 전사,107.0,72.0,246.0,0.85,0.2,99.0,200.0,226.0,-1,Mob_C0_I006,Mob_C0_A006,FX_WeaponSlash_02,FX_WeaponHit_15,Mob_Shadow_000,11188,21188,47.0
1192,1,5,수렁 정령,92.0,52.0,448.0,1.92,0.1,99.0,200.0,246.0,-1,Mob_C0_I003,Mob_C0_A003,FX_WeaponSlash_05,FX_WeaponHit_17,Mob_Shadow_000,11192,21192,24.0
1193,1,5,수렁 정령,92.0,52.0,448.0,1.92,0.1,99.0,200.0,246.0,-1,Mob_C0_I003,Mob_C0_A003,FX_WeaponSlash_05,FX_WeaponHit_17,Mob_Shadow_000,11193,21193,24.0
1194,1,5,수렁 정령,92.0,52.0,448.0,1.92,0.1,99.0,200.0,246.0,-1,Mob_C0_I003,Mob_C0_A003,FX_WeaponSlash_05,FX_WeaponHit_17,Mob_Shadow_000,11194,21194,24.0
1195,1,0,수렁 해골 전사,99.0,65.0,360.0,0.96,0.1,99.0,200.0,246.0,-1,Mob_C0_I006,Mob_C0_A006,FX_WeaponSlash_00,FX_WeaponHit_14,Mob_Shadow_000,11195,21195,33.0
1196,1,3,수렁 고블린 방패병,113.0,76.0,260.0,0.86,0.2,99.0,200.0,246.0,-1,Mob_C0_I007,Mob_C0_A007,FX_WeaponSlash_02,FX_WeaponHit_15,Mob_Shadow_000,11196,21196,51.0
1200,1,5,수렁 늑대,97.0,54.0,469.0,1.96,0.1,99.0,200.0,268.0,-1,Mob_C0_I004,Mob_C0_A004,FX_WeaponSlash_05,FX_WeaponHit_17,Mob_Shadow_000,11200,21200,25.0
1201,1,5,수렁 늑대,97.0,54.0,469.0,1.96,0.1,99.0,200.0,268.0,-1,Mob_C0_I004,Mob_C0_A004,FX_WeaponSlash_05,FX_WeaponHit_17,Mob_Shadow_000,11201,21201,25.0
1202,1,5,수렁 늑대,97.0,54.0,469.0,1.96,0.1,99.0,200.0,268.0,-1,Mob_C0_I004,Mob_C0_A004,FX_WeaponSlash_05,FX_WeaponHit_17,Mob_Shadow_000,11202,21202,25.0
1203,1,0,수렁 고블린 방패병,105.0,67.0,384.0,0.98,0.1,99.0,200.0,268.0,-1,Mob_C0_I007,Mob_C0_A007,FX_WeaponSlash_00,FX_WeaponHit_14,Mob_Shadow_000,11203,21203,37.0
1204,1,3,수렁 파수꾼,119.0,79.0,273.0,0.88,0.2,99.0,200.0,268.0,-1,Mob_C0_I008,Mob_C0_I008,FX_WeaponSlash_02,FX_WeaponHit_15,Mob_Shadow_000,11204,21204,53.0
1208,1,3,수렁 고블린 창병,107.0,81.0,289.0,0.91,0.2,99.0,200.0,292.0,-1,Mob_C0_I005,Mob_C0_A005,FX_WeaponSlash_02,FX_WeaponHit_15,Mob_Shadow_000,11208,21208,30.0
1209,1,3,수렁 고블린 창병,107.0,81.0,289.0,0.91,0.2,99.0,200.0,292.0,-1,Mob_C0_I005,Mob_C0_A005,FX_WeaponSlash_02,FX_WeaponHit_15,Mob_Shadow_000,11209,21209,30.0
1210,1,3,수렁 고블린 창병,107.0,81.0,289.0,0.91,0.2,99.0,200.0,292.0,-1,Mob_C0_I005,Mob_C0_A005,FX_WeaponSlash_02,FX_WeaponHit_15,Mob_Shadow_000,11210,21210,30.0
1211,1,5,수렁 파수꾼,103.0,56.0,448.0,2.02,0.1,99.0,200.0,292.0,-1,Mob_C0_I008,Mob_C0_I008,FX_WeaponSlash_05,FX_WeaponHit_17,Mob_Shadow_000,11211,21211,37.0
1212,1,8,수렁 거수,116.0,0.0,756.0,0.91,0.01,99.0,200.0,292.0,-1,Mob_C0_I009,Mob_C0_A009,FX_WeaponSlash_07,FX_WeaponHit_03,Mob_Shadow_000,11212,21212,57.0
1216,1,3,수렁 해골 전사,112.0,85.0,267.0,0.93,0.2,99.0,200.0,318.0,-1,Mob_C0_I006,Mob_C0_A006,FX_WeaponSlash_02,FX_WeaponHit_15,Mob_Shadow_000,11216,21216,33.0
1217,1,3,수렁 해골 전사,112.0,85.0,267.0,0.93,0.2,99.0,200.0,318.0,-1,Mob_C0_I006,Mob_C0_A006,FX_WeaponSlash_02,FX_WeaponHit_15,Mob_Shadow_000,11217,21217,33.0
1218,1,3,수렁 해골 전사,112.0,85.0,267.0,0.93,0.2,99.0,200.0,318.0,-1,Mob_C0_I006,Mob_C0_A006,FX_WeaponSlash_02,FX_WeaponHit_15,Mob_Shadow_000,11218,21218,33.0
1219,1,5,수렁 거수,107.0,58.0,476.0,2.06,0.1,99.0,200.0,318.0,-1,Mob_C0_I009,Mob_C0_A009,FX_WeaponSlash_05,FX_WeaponHit_17,Mob_Shadow_000,11219,21219,37.0
1220,1,8,수렁 라임 슬라임,120.0,0.0,893.0,0.93,0.01,99.0,200.0,318.0,-1,Mob_C0_I000,Mob_C0_A000,FX_WeaponSlash_07,FX_WeaponHit_03,Mob_Shadow_000,11220,21220,58.0
1224,1,3,수렁 고블린 방패병,117.0,88.0,281.0,0.95,0.2,99.0,200.0,347.0,-1,Mob_C0_I007,Mob_C0_A007,FX_WeaponSlash_02,FX_WeaponHit_15,Mob_Shadow_000,11224,21224,33.0
1225,1,3,수렁 고블린 방패병,117.0,88.0,281.0,0.95,0.2,99.0,200.0,347.0,-1,Mob_C0_I007,Mob_C0_A007,FX_WeaponSlash_02,FX_WeaponHit_15,Mob_Shadow_000,11225,21225,33.0
1226,1,3,수렁 고블린 방패병,117.0,88.0,281.0,0.95,0.2,99.0,200.0,347.0,-1,Mob_C0_I007,Mob_C0_A007,FX_WeaponSlash_02,FX_WeaponHit_15,Mob_Shadow_000,11226,21226,33.0
1227,1,5,수렁 라임 슬라임,113.0,60.0,497.0,2.1,0.1,99.0,200.0,347.0,-1,Mob_C0_I000,Mob_C0_A000,FX_WeaponSlash_05,FX_WeaponHit_17,Mob_Shadow_000,11227,21227,43.0
1228,1,8,수렁 망고 슬라임,127.0,0.0,824.0,0.95,0.01,99.0,200.0,347.0,-1,Mob_C0_I001,Mob_C0_A001,FX_WeaponSlash_07,FX_WeaponHit_03,Mob_Shadow_000,11228,21228,63.0
1232,1,3,수렁 파수꾼,123.0,91.0,345.0,0.96,0.2,99.0,200.0,378.0,-1,Mob_C0_I008,Mob_C0_I008,FX_WeaponSlash_02,FX_WeaponHit_15,Mob_Shadow_000,11232,21232,37.0
1233,1,3,수렁 파수꾼,123.0,91.0,345.0,0.96,0.2,99.0,200.0,378.0,-1,Mob_C0_I008,Mob_C0_I008,FX_WeaponSlash_02,FX_WeaponHit_15,Mob_Shadow_000,11233,21233,37.0
1234,1,3,수렁 파수꾼,123.0,91.0,345.0,0.96,0.2,99.0,200.0,378.0,-1,Mob_C0_I008,Mob_C0_I008,FX_WeaponSlash_02,FX_WeaponHit_15,Mob_Shadow_000,11234,21234,37.0
1235,1,5,수렁 망고 슬라임,117.0,62.0,600.0,2.14,0.1,99.0,200.0,378.0,-1,Mob_C0_I001,Mob_C0_A001,FX_WeaponSlash_05,FX_WeaponHit_17,Mob_Shadow_000,11235,21235,43.0
1236,1,8,수렁 크로우,133.0,0.0,1076.0,0.96,0.01,99.0,200.0,378.0,-1,Mob_C0_I002,Mob_C0_A002,FX_WeaponSlash_07,FX_WeaponHit_03,Mob_Shadow_000,11236,21236,67.0
1240,1,3,수렁 거수,129.0,95.0,369.0,0.98,0.2,99.0,200.0,411.0,-1,Mob_C0_I009,Mob_C0_A009,FX_WeaponSlash_02,FX_WeaponHit_15,Mob_Shadow_000,11240,21240,40.0
1241,1,3,수렁 거수,129.0,95.0,369.0,0.98,0.2,99.0,200.0,411.0,-1,Mob_C0_I009,Mob_C0_A009,FX_WeaponSlash_02,FX_WeaponHit_15,Mob_Shadow_000,11241,21241,40.0
1242,1,3,수렁 거수,129.0,95.0,369.0,0.98,0.2,99.0,200.0,411.0,-1,Mob_C0_I009,Mob_C0_A009,FX_WeaponSlash_02,FX_WeaponHit_15,Mob_Shadow_000,11242,21242,40.0
1243,1,5,수렁 크로우,122.0,65.0,632.0,2.18,0.1,99.0,200.0,411.0,-1,Mob_C0_I002,Mob_C0_A002,FX_WeaponSlash_05,FX_WeaponHit_17,Mob_Shadow_000,11243,21243,43.0
1244,1,8,수렁 정령,139.0,0.0,1061.0,0.98,0.01,99.0,200.0,411.0,-1,Mob_C0_I003,Mob_C0_A003,FX_WeaponSlash_07,FX_WeaponHit_03,Mob_Shadow_000,11244,21244,70.0
1248,1,8,수렁 라임 슬라임,135.0,0.0,1017.0,1.0,0.01,99.0,200.0,448.0,-1,Mob_C0_I000,Mob_C0_A000,FX_WeaponSlash_07,FX_WeaponHit_03,Mob_Shadow_000,11248,21248,40.0
1249,1,8,수렁 라임 슬라임,135.0,0.0,1017.0,1.0,0.01,99.0,200.0,448.0,-1,Mob_C0_I000,Mob_C0_A000,FX_WeaponSlash_07,FX_WeaponHit_03,Mob_Shadow_000,11249,21249,40.0
1250,1,8,수렁 라임 슬라임,135.0,0.0,1017.0,1.0,0.01,99.0,200.0,448.0,-1,Mob_C0_I000,Mob_C0_A000,FX_WeaponSlash_07,FX_WeaponHit_03,Mob_Shadow_000,11250,21250,40.0
1251,1,3,수렁 정령,139.0,99.0,388.0,1.0,0.2,99.0,200.0,448.0,-1,Mob_C0_I003,Mob_C0_A003,FX_WeaponSlash_02,FX_WeaponHit_15,Mob_Shadow_000,11251,21251,52.0
1252,1,5,수렁 늑대,132.0,68.0,608.0,2.22,0.1,99.0,200.0,448.0,-1,Mob_C0_I004,Mob_C0_A004,FX_WeaponSlash_05,FX_WeaponHit_17,Mob_Shadow_000,11252,21252,71.0
1256,1,8,수렁 망고 슬라임,138.0,0.0,1176.0,1.02,0.01,99.0,200.0,489.0,-1,Mob_C0_I001,Mob_C0_A001,FX_WeaponSlash_07,FX_WeaponHit_03,Mob_Shadow_000,11256,21256,45.0
1257,1,8,수렁 망고 슬라임,138.0,0.0,1176.0,1.02,0.01,99.0,200.0,489.0,-1,Mob_C0_I001,Mob_C0_A001,FX_WeaponSlash_07,FX_WeaponHit_03,Mob_Shadow_000,11257,21257,45.0
1258,1,8,수렁 망고 슬라임,138.0,0.0,1176.0,1.02,0.01,99.0,200.0,489.0,-1,Mob_C0_I001,Mob_C0_A001,FX_WeaponSlash_07,FX_WeaponHit_03,Mob_Shadow_000,11258,21258,45.0
1259,1,3,수렁 늑대,145.0,102.0,406.0,1.02,0.2,99.0,200.0,489.0,-1,Mob_C0_I004,Mob_C0_A004,FX_WeaponSlash_02,FX_WeaponHit_15,Mob_Shadow_000,11259,21259,55.0
1260,1,5,수렁 고블린 창병,136.0,70.0,640.0,2.26,0.1,99.0,200.0,489.0,-1,Mob_C0_I005,Mob_C0_A005,FX_WeaponSlash_05,FX_WeaponHit_17,Mob_Shadow_000,11260,21260,73.0
1264,1,8,수렁 크로우,143.0,0.0,1230.0,1.03,0.01,99.0,200.0,532.0,-1,Mob_C0_I002,Mob_C0_A002,FX_WeaponSlash_07,FX_WeaponHit_03,Mob_Shadow_000,11264,21264,45.0
1265,1,8,수렁 크로우,143.0,0.0,1230.0,1.03,0.01,99.0,200.0,532.0,-1,Mob_C0_I002,Mob_C0_A002,FX_WeaponSlash_07,FX_WeaponHit_03,Mob_Shadow_000,11265,21265,45.0
1266,1,8,수렁 크로우,143.0,0.0,1230.0,1.03,0.01,99.0,200.0,532.0,-1,Mob_C0_I002,Mob_C0_A002,FX_WeaponSlash_07,FX_WeaponHit_03,Mob_Shadow_000,11266,21266,45.0
1267,1,3,수렁 고블린 창병,151.0,107.0,377.0,1.03,0.2,99.0,200.0,532.0,-1,Mob_C0_I005,Mob_C0_A005,FX_WeaponSlash_02,FX_WeaponHit_15,Mob_Shadow_000,11267,21267,58.0
1268,1,5,수렁 해골 전사,142.0,73.0,672.0,2.3,0.1,99.0,200.0,532.0,-1,Mob_C0_I006,Mob_C0_A006,FX_WeaponSlash_05,FX_WeaponHit_17,Mob_Shadow_000,11268,21268,81.0
1272,1,8,수렁 정령,154.0,0.0,1149.0,1.05,0.01,99.0,200.0,580.0,-1,Mob_C0_I003,Mob_C0_A003,FX_WeaponSlash_07,FX_WeaponHit_03,Mob_Shadow_000,11272,21272,49.0
1273,1,8,수렁 정령,154.0,0.0,1149.0,1.05,0.01,99.0,200.0,580.0,-1,Mob_C0_I003,Mob_C0_A003,FX_WeaponSlash_07,FX_WeaponHit_03,Mob_Shadow_000,11273,21273,49.0
1274,1,8,수렁 정령,154.0,0.0,1149.0,1.05,0.01,99.0,200.0,580.0,-1,Mob_C0_I003,Mob_C0_A003,FX_WeaponSlash_07,FX_WeaponHit_03,Mob_Shadow_000,11274,21274,49.0
1275,1,3,수렁 해골 전사,158.0,110.0,401.0,1.05,0.2,99.0,200.0,580.0,-1,Mob_C0_I006,Mob_C0_A006,FX_WeaponSlash_02,FX_WeaponHit_15,Mob_Shadow_000,11275,21275,61.0
1276,1,5,수렁 고블린 방패병,148.0,75.0,704.0,2.34,0.1,99.0,200.0,580.0,-1,Mob_C0_I007,Mob_C0_A007,FX_WeaponSlash_05,FX_WeaponHit_17,Mob_Shadow_000,11276,21276,81.0
1280,1,8,수렁 늑대,155.0,0.0,1323.0,1.07,0.01,99.0,200.0,632.0,-1,Mob_C0_I004,Mob_C0_A004,FX_WeaponSlash_07,FX_WeaponHit_03,Mob_Shadow_000,11280,21280,49.0
1281,1,8,수렁 늑대,155.0,0.0,1323.0,1.07,0.01,99.0,200.0,632.0,-1,Mob_C0_I004,Mob_C0_A004,FX_WeaponSlash_07,FX_WeaponHit_03,Mob_Shadow_000,11281,21281,49.0
1282,1,8,수렁 늑대,155.0,0.0,1323.0,1.07,0.01,99.0,200.0,632.0,-1,Mob_C0_I004,Mob_C0_A004,FX_WeaponSlash_07,FX_WeaponHit_03,Mob_Shadow_000,11282,21282,49.0
1283,1,3,수렁 고블린 방패병,158.0,114.0,469.0,1.07,0.2,99.0,200.0,632.0,-1,Mob_C0_I007,Mob_C0_A007,FX_WeaponSlash_02,FX_WeaponHit_15,Mob_Shadow_000,11283,21283,61.0
1284,1,5,수렁 파수꾼,154.0,78.0,728.0,2.38,0.1,99.0,200.0,632.0,-1,Mob_C0_I008,Mob_C0_I008,FX_WeaponSlash_05,FX_WeaponHit_17,Mob_Shadow_000,11284,21284,89.0
1288,1,3,수렁 고블린 창병,161.0,118.0,469.0,1.1,0.2,99.0,200.0,689.0,-1,Mob_C0_I005,Mob_C0_A005,FX_WeaponSlash_02,FX_WeaponHit_15,Mob_Shadow_000,11288,21288,53.0
1289,1,3,수렁 고블린 창병,161.0,118.0,469.0,1.1,0.2,99.0,200.0,689.0,-1,Mob_C0_I005,Mob_C0_A005,FX_WeaponSlash_02,FX_WeaponHit_15,Mob_Shadow_000,11289,21289,53.0
1290,1,3,수렁 고블린 창병,161.0,118.0,469.0,1.1,0.2,99.0,200.0,689.0,-1,Mob_C0_I005,Mob_C0_A005,FX_WeaponSlash_02,FX_WeaponHit_15,Mob_Shadow_000,11290,21290,53.0
1291,1,8,수렁 파수꾼,164.0,0.0,1330.0,1.1,0.01,99.0,200.0,689.0,-1,Mob_C0_I008,Mob_C0_I008,FX_WeaponSlash_07,FX_WeaponHit_03,Mob_Shadow_000,11291,21291,65.0
1292,1,2,수렁 거수,95.0,60.0,812.0,0.85,0.1,99.0,200.0,689.0,-1,Mob_C0_I009,Mob_C0_A009,FX_WeaponSlash_09,FX_WeaponHit_13,Mob_Shadow_000,11292,21292,94.0
1296,1,3,수렁 해골 전사,168.0,121.0,496.0,1.12,0.2,99.0,200.0,751.0,-1,Mob_C0_I006,Mob_C0_A006,FX_WeaponSlash_02,FX_WeaponHit_15,Mob_Shadow_000,11296,21296,57.0
1297,1,3,수렁 해골 전사,168.0,121.0,496.0,1.12,0.2,99.0,200.0,751.0,-1,Mob_C0_I006,Mob_C0_A006,FX_WeaponSlash_02,FX_WeaponHit_15,Mob_Shadow_000,11297,21297,57.0
1298,1,3,수렁 해골 전사,168.0,121.0,496.0,1.12,0.2,99.0,200.0,751.0,-1,Mob_C0_I006,Mob_C0_A006,FX_WeaponSlash_02,FX_WeaponHit_15,Mob_Shadow_000,11298,21298,57.0
1299,1,8,수렁 거수,171.0,0.0,1376.0,1.12,0.01,99.0,200.0,751.0,-1,Mob_C0_I009,Mob_C0_A009,FX_WeaponSlash_07,FX_WeaponHit_03,Mob_Shadow_000,11299,21299,69.0
1300,1,2,수렁 라임 슬라임,99.0,62.0,960.0,0.87,0.1,99.0,200.0,751.0,-1,Mob_C0_I000,Mob_C0_A000,FX_WeaponSlash_09,FX_WeaponHit_13,Mob_Shadow_000,11300,21300,99.0
1304,1,3,수렁 고블린 방패병,173.0,125.0,514.0,1.13,0.2,99.0,200.0,819.0,-1,Mob_C0_I007,Mob_C0_A007,FX_WeaponSlash_02,FX_WeaponHit_15,Mob_Shadow_000,11304,21304,57.0
1305,1,3,수렁 고블린 방패병,173.0,125.0,514.0,1.13,0.2,99.0,200.0,819.0,-1,Mob_C0_I007,Mob_C0_A007,FX_WeaponSlash_02,FX_WeaponHit_15,Mob_Shadow_000,11305,21305,57.0
1306,1,3,수렁 고블린 방패병,173.0,125.0,514.0,1.13,0.2,99.0,200.0,819.0,-1,Mob_C0_I007,Mob_C0_A007,FX_WeaponSlash_02,FX_WeaponHit_15,Mob_Shadow_000,11306,21306,57.0
1307,1,8,수렁 라임 슬라임,173.0,0.0,1565.0,1.13,0.01,99.0,200.0,819.0,-1,Mob_C0_I000,Mob_C0_A000,FX_WeaponSlash_07,FX_WeaponHit_03,Mob_Shadow_000,11307,21307,71.0
1308,1,2,수렁 망고 슬라임,103.0,64.0,992.0,0.88,0.1,99.0,200.0,819.0,-1,Mob_C0_I001,Mob_C0_A001,FX_WeaponSlash_09,FX_WeaponHit_13,Mob_Shadow_000,11308,21308,105.0
1312,1,3,수렁 파수꾼,179.0,129.0,541.0,1.15,0.2,99.0,200.0,892.0,-1,Mob_C0_I008,Mob_C0_I008,FX_WeaponSlash_02,FX_WeaponHit_15,Mob_Shadow_000,11312,21312,61.0
1313,1,3,수렁 파수꾼,179.0,129.0,541.0,1.15,0.2,99.0,200.0,892.0,-1,Mob_C0_I008,Mob_C0_I008,FX_WeaponSlash_02,FX_WeaponHit_15,Mob_Shadow_000,11313,21313,61.0
1314,1,3,수렁 파수꾼,179.0,129.0,541.0,1.15,0.2,99.0,200.0,892.0,-1,Mob_C0_I008,Mob_C0_I008,FX_WeaponSlash_02,FX_WeaponHit_15,Mob_Shadow_000,11314,21314,61.0
1315,1,8,수렁 망고 슬라임,183.0,0.0,1476.0,1.15,0.01,99.0,200.0,892.0,-1,Mob_C0_I001,Mob_C0_A001,FX_WeaponSlash_07,FX_WeaponHit_03,Mob_Shadow_000,11315,21315,77.0
1316,1,2,수렁 크로우,106.0,66.0,960.0,0.9,0.1,99.0,200.0,892.0,-1,Mob_C0_I002,Mob_C0_A002,FX_WeaponSlash_09,FX_WeaponHit_13,Mob_Shadow_000,11316,21316,108.0
1320,1,3,수렁 거수,186.0,133.0,559.0,1.17,0.2,99.0,200.0,973.0,-1,Mob_C0_I009,Mob_C0_A009,FX_WeaponSlash_02,FX_WeaponHit_15,Mob_Shadow_000,11320,21320,65.0
1321,1,3,수렁 거수,186.0,133.0,559.0,1.17,0.2,99.0,200.0,973.0,-1,Mob_C0_I009,Mob_C0_A009,FX_WeaponSlash_02,FX_WeaponHit_15,Mob_Shadow_000,11321,21321,65.0
1322,1,3,수렁 거수,186.0,133.0,559.0,1.17,0.2,99.0,200.0,973.0,-1,Mob_C0_I009,Mob_C0_A009,FX_WeaponSlash_02,FX_WeaponHit_15,Mob_Shadow_000,11322,21322,65.0
1323,1,8,수렁 크로우,185.0,0.0,1675.0,1.17,0.01,99.0,200.0,973.0,-1,Mob_C0_I002,Mob_C0_A002,FX_WeaponSlash_07,FX_WeaponHit_03,Mob_Shadow_000,11323,21323,76.0
1324,1,2,수렁 정령,104.0,68.0,992.0,0.91,0.1,99.0,200.0,973.0,-1,Mob_C0_I003,Mob_C0_A003,FX_WeaponSlash_09,FX_WeaponHit_13,Mob_Shadow_000,11324,21324,114.0
901,1,3,수로의 방패병,217.0,136.0,1437.0,0.99,0.2,20.0,200.0,2918.0,-1,Mob_C0_I007,Mob_C0_A007,FX_WeaponSlash_02,FX_WeaponHit_04,Mob_Shadow_000,10901,20901,338.0
1328,2,2,잿불 라임 슬라임,112.0,70.0,786.0,0.63,0.1,99.0,200.0,1060.0,-1,Mob_C0_I000,Mob_C0_A000,FX_WeaponSlash_09,FX_WeaponHit_13,Mob_Shadow_000,11328,21328,49.0
1329,2,2,잿불 라임 슬라임,112.0,70.0,786.0,0.63,0.1,99.0,200.0,1060.0,-1,Mob_C0_I000,Mob_C0_A000,FX_WeaponSlash_09,FX_WeaponHit_13,Mob_Shadow_000,11329,21329,49.0
1330,2,2,잿불 라임 슬라임,112.0,70.0,786.0,0.63,0.1,99.0,200.0,1060.0,-1,Mob_C0_I000,Mob_C0_A000,FX_WeaponSlash_09,FX_WeaponHit_13,Mob_Shadow_000,11330,21330,49.0
1331,2,5,잿불 정령,187.0,93.0,666.0,1.8,0.1,99.0,200.0,1060.0,-1,Mob_C0_I003,Mob_C0_A003,FX_WeaponSlash_05,FX_WeaponHit_17,Mob_Shadow_000,11331,21331,60.0
1332,2,6,잿불 늑대,211.0,117.0,810.0,0.72,0.08,99.0,200.0,1060.0,-1,Mob_C0_I004,Mob_C0_A004,FX_WeaponSlash_04,FX_WeaponHit_00,Mob_Shadow_000,11332,21332,87.0
1336,2,2,잿불 망고 슬라임,102.0,72.0,816.0,0.64,0.1,99.0,200.0,1155.0,-1,Mob_C0_I001,Mob_C0_A001,FX_WeaponSlash_09,FX_WeaponHit_13,Mob_Shadow_000,11336,21336,48.0
1337,2,2,잿불 망고 슬라임,102.0,72.0,816.0,0.64,0.1,99.0,200.0,1155.0,-1,Mob_C0_I001,Mob_C0_A001,FX_WeaponSlash_09,FX_WeaponHit_13,Mob_Shadow_000,11337,21337,48.0
1338,2,2,잿불 망고 슬라임,102.0,72.0,816.0,0.64,0.1,99.0,200.0,1155.0,-1,Mob_C0_I001,Mob_C0_A001,FX_WeaponSlash_09,FX_WeaponHit_13,Mob_Shadow_000,11338,21338,48.0
1339,2,5,잿불 늑대,190.0,96.0,742.0,1.84,0.1,99.0,200.0,1155.0,-1,Mob_C0_I004,Mob_C0_A004,FX_WeaponSlash_05,FX_WeaponHit_17,Mob_Shadow_000,11339,21339,60.0
1340,2,6,잿불 고블린 창병,217.0,120.0,850.0,0.74,0.08,99.0,200.0,1155.0,-1,Mob_C0_I005,Mob_C0_A005,FX_WeaponSlash_04,FX_WeaponHit_00,Mob_Shadow_000,11340,21340,89.0
1344,2,2,잿불 크로우,106.0,74.0,840.0,0.66,0.1,99.0,200.0,1259.0,-1,Mob_C0_I002,Mob_C0_A002,FX_WeaponSlash_09,FX_WeaponHit_13,Mob_Shadow_000,11344,21344,52.0
1345,2,2,잿불 크로우,106.0,74.0,840.0,0.66,0.1,99.0,200.0,1259.0,-1,Mob_C0_I002,Mob_C0_A002,FX_WeaponSlash_09,FX_WeaponHit_13,Mob_Shadow_000,11345,21345,52.0
1346,2,2,잿불 크로우,106.0,74.0,840.0,0.66,0.1,99.0,200.0,1259.0,-1,Mob_C0_I002,Mob_C0_A002,FX_WeaponSlash_09,FX_WeaponHit_13,Mob_Shadow_000,11346,21346,52.0
1347,2,5,잿불 고블린 창병,197.0,98.0,770.0,1.88,0.1,99.0,200.0,1259.0,-1,Mob_C0_I005,Mob_C0_A005,FX_WeaponSlash_05,FX_WeaponHit_17,Mob_Shadow_000,11347,21347,66.0
1348,2,6,잿불 해골 전사,225.0,123.0,880.0,0.75,0.08,99.0,200.0,1259.0,-1,Mob_C0_I006,Mob_C0_A006,FX_WeaponSlash_04,FX_WeaponHit_00,Mob_Shadow_000,11348,21348,95.0
1352,2,2,잿불 정령,109.0,75.0,870.0,0.67,0.1,99.0,200.0,1372.0,-1,Mob_C0_I003,Mob_C0_A003,FX_WeaponSlash_09,FX_WeaponHit_13,Mob_Shadow_000,11352,21352,54.0
1353,2,2,잿불 정령,109.0,75.0,870.0,0.67,0.1,99.0,200.0,1372.0,-1,Mob_C0_I003,Mob_C0_A003,FX_WeaponSlash_09,FX_WeaponHit_13,Mob_Shadow_000,11353,21353,54.0
1354,2,2,잿불 정령,109.0,75.0,870.0,0.67,0.1,99.0,200.0,1372.0,-1,Mob_C0_I003,Mob_C0_A003,FX_WeaponSlash_09,FX_WeaponHit_13,Mob_Shadow_000,11354,21354,54.0
1355,2,5,잿불 해골 전사,202.0,101.0,791.0,1.92,0.1,99.0,200.0,1372.0,-1,Mob_C0_I006,Mob_C0_A006,FX_WeaponSlash_05,FX_WeaponHit_17,Mob_Shadow_000,11355,21355,66.0
1356,2,6,잿불 고블린 방패병,220.0,126.0,1001.0,0.77,0.08,99.0,200.0,1372.0,-1,Mob_C0_I007,Mob_C0_A007,FX_WeaponSlash_04,FX_WeaponHit_00,Mob_Shadow_000,11356,21356,100.0
1360,2,2,잿불 늑대,112.0,78.0,840.0,0.69,0.1,99.0,200.0,1496.0,-1,Mob_C0_I004,Mob_C0_A004,FX_WeaponSlash_09,FX_WeaponHit_13,Mob_Shadow_000,11360,21360,56.0
1361,2,2,잿불 늑대,112.0,78.0,840.0,0.69,0.1,99.0,200.0,1496.0,-1,Mob_C0_I004,Mob_C0_A004,FX_WeaponSlash_09,FX_WeaponHit_13,Mob_Shadow_000,11361,21361,56.0
1362,2,2,잿불 늑대,112.0,78.0,840.0,0.69,0.1,99.0,200.0,1496.0,-1,Mob_C0_I004,Mob_C0_A004,FX_WeaponSlash_09,FX_WeaponHit_13,Mob_Shadow_000,11362,21362,56.0
1363,2,5,잿불 고블린 방패병,208.0,104.0,819.0,1.96,0.1,99.0,200.0,1496.0,-1,Mob_C0_I007,Mob_C0_A007,FX_WeaponSlash_05,FX_WeaponHit_17,Mob_Shadow_000,11363,21363,73.0
1364,2,6,잿불 파수꾼,226.0,130.0,1034.0,0.78,0.08,99.0,200.0,1496.0,-1,Mob_C0_I008,Mob_C0_I008,FX_WeaponSlash_04,FX_WeaponHit_00,Mob_Shadow_000,11364,21364,103.0
1368,2,6,잿불 고블린 창병,219.0,133.0,1001.0,0.81,0.08,99.0,200.0,1630.0,-1,Mob_C0_I005,Mob_C0_A005,FX_WeaponSlash_04,FX_WeaponHit_00,Mob_Shadow_000,11368,21368,58.0
1369,2,6,잿불 고블린 창병,219.0,133.0,1001.0,0.81,0.08,99.0,200.0,1630.0,-1,Mob_C0_I005,Mob_C0_A005,FX_WeaponSlash_04,FX_WeaponHit_00,Mob_Shadow_000,11369,21369,58.0
1370,2,6,잿불 고블린 창병,219.0,133.0,1001.0,0.81,0.08,99.0,200.0,1630.0,-1,Mob_C0_I005,Mob_C0_A005,FX_WeaponSlash_04,FX_WeaponHit_00,Mob_Shadow_000,11370,21370,58.0
1371,2,2,잿불 파수꾼,120.0,79.0,888.0,0.71,0.1,99.0,200.0,1630.0,-1,Mob_C0_I008,Mob_C0_I008,FX_WeaponSlash_09,FX_WeaponHit_13,Mob_Shadow_000,11371,21371,76.0
1372,2,5,잿불 거수,219.0,106.0,868.0,2.02,0.1,99.0,200.0,1630.0,-1,Mob_C0_I009,Mob_C0_A009,FX_WeaponSlash_05,FX_WeaponHit_17,Mob_Shadow_000,11372,21372,103.0
1376,2,6,잿불 해골 전사,225.0,136.0,1034.0,0.82,0.08,99.0,200.0,1777.0,-1,Mob_C0_I006,Mob_C0_A006,FX_WeaponSlash_04,FX_WeaponHit_00,Mob_Shadow_000,11376,21376,63.0
1377,2,6,잿불 해골 전사,225.0,136.0,1034.0,0.82,0.08,99.0,200.0,1777.0,-1,Mob_C0_I006,Mob_C0_A006,FX_WeaponSlash_04,FX_WeaponHit_00,Mob_Shadow_000,11377,21377,63.0
1378,2,6,잿불 해골 전사,225.0,136.0,1034.0,0.82,0.08,99.0,200.0,1777.0,-1,Mob_C0_I006,Mob_C0_A006,FX_WeaponSlash_04,FX_WeaponHit_00,Mob_Shadow_000,11378,21378,63.0
1379,2,2,잿불 거수,123.0,81.0,912.0,0.72,0.1,99.0,200.0,1777.0,-1,Mob_C0_I009,Mob_C0_A009,FX_WeaponSlash_09,FX_WeaponHit_13,Mob_Shadow_000,11379,21379,78.0
1380,2,5,잿불 라임 슬라임,225.0,108.0,896.0,2.06,0.1,99.0,200.0,1777.0,-1,Mob_C0_I000,Mob_C0_A000,FX_WeaponSlash_05,FX_WeaponHit_17,Mob_Shadow_000,11380,21380,109.0
1384,2,6,잿불 고블린 방패병,231.0,139.0,1078.0,0.84,0.08,99.0,200.0,1937.0,-1,Mob_C0_I007,Mob_C0_A007,FX_WeaponSlash_04,FX_WeaponHit_00,Mob_Shadow_000,11384,21384,66.0
1385,2,6,잿불 고블린 방패병,231.0,139.0,1078.0,0.84,0.08,99.0,200.0,1937.0,-1,Mob_C0_I007,Mob_C0_A007,FX_WeaponSlash_04,FX_WeaponHit_00,Mob_Shadow_000,11385,21385,66.0
1386,2,6,잿불 고블린 방패병,231.0,139.0,1078.0,0.84,0.08,99.0,200.0,1937.0,-1,Mob_C0_I007,Mob_C0_A007,FX_WeaponSlash_04,FX_WeaponHit_00,Mob_Shadow_000,11386,21386,66.0
1387,2,2,잿불 라임 슬라임,126.0,83.0,942.0,0.73,0.1,99.0,200.0,1937.0,-1,Mob_C0_I000,Mob_C0_A000,FX_WeaponSlash_09,FX_WeaponHit_13,Mob_Shadow_000,11387,21387,80.0
1388,2,5,잿불 망고 슬라임,231.0,111.0,861.0,2.1,0.1,99.0,200.0,1937.0,-1,Mob_C0_I001,Mob_C0_A001,FX_WeaponSlash_05,FX_WeaponHit_17,Mob_Shadow_000,11388,21388,115.0
1392,2,6,잿불 파수꾼,233.0,142.0,1212.0,0.86,0.08,99.0,200.0,2111.0,-1,Mob_C0_I008,Mob_C0_I008,FX_WeaponSlash_04,FX_WeaponHit_00,Mob_Shadow_000,11392,21392,67.0
1393,2,6,잿불 파수꾼,233.0,142.0,1212.0,0.86,0.08,99.0,200.0,2111.0,-1,Mob_C0_I008,Mob_C0_I008,FX_WeaponSlash_04,FX_WeaponHit_00,Mob_Shadow_000,11393,21393,67.0
1394,2,6,잿불 파수꾼,233.0,142.0,1212.0,0.86,0.08,99.0,200.0,2111.0,-1,Mob_C0_I008,Mob_C0_I008,FX_WeaponSlash_04,FX_WeaponHit_00,Mob_Shadow_000,11394,21394,67.0
1395,2,2,잿불 망고 슬라임,130.0,85.0,1127.0,0.75,0.1,99.0,200.0,2111.0,-1,Mob_C0_I001,Mob_C0_A001,FX_WeaponSlash_09,FX_WeaponHit_13,Mob_Shadow_000,11395,21395,84.0
1396,2,5,잿불 크로우,235.0,114.0,1008.0,2.14,0.1,99.0,200.0,2111.0,-1,Mob_C0_I002,Mob_C0_A002,FX_WeaponSlash_05,FX_WeaponHit_17,Mob_Shadow_000,11396,21396,120.0
1400,2,6,잿불 거수,239.0,145.0,1248.0,0.87,0.08,99.0,200.0,2301.0,-1,Mob_C0_I009,Mob_C0_A009,FX_WeaponSlash_04,FX_WeaponHit_00,Mob_Shadow_000,11400,21400,71.0
1401,2,6,잿불 거수,239.0,145.0,1248.0,0.87,0.08,99.0,200.0,2301.0,-1,Mob_C0_I009,Mob_C0_A009,FX_WeaponSlash_04,FX_WeaponHit_00,Mob_Shadow_000,11401,21401,71.0
1402,2,6,잿불 거수,239.0,145.0,1248.0,0.87,0.08,99.0,200.0,2301.0,-1,Mob_C0_I009,Mob_C0_A009,FX_WeaponSlash_04,FX_WeaponHit_00,Mob_Shadow_000,11402,21402,71.0
1403,2,2,잿불 크로우,133.0,87.0,1155.0,0.76,0.1,99.0,200.0,2301.0,-1,Mob_C0_I002,Mob_C0_A002,FX_WeaponSlash_09,FX_WeaponHit_13,Mob_Shadow_000,11403,21403,86.0
1404,2,5,잿불 정령,241.0,116.0,1040.0,2.18,0.1,99.0,200.0,2301.0,-1,Mob_C0_I003,Mob_C0_A003,FX_WeaponSlash_05,FX_WeaponHit_17,Mob_Shadow_000,11404,21404,127.0
1408,2,5,잿불 라임 슬라임,238.0,119.0,1096.0,2.22,0.1,99.0,200.0,2508.0,-1,Mob_C0_I000,Mob_C0_A000,FX_WeaponSlash_05,FX_WeaponHit_17,Mob_Shadow_000,11408,21408,71.0
1409,2,5,잿불 라임 슬라임,238.0,119.0,1096.0,2.22,0.1,99.0,200.0,2508.0,-1,Mob_C0_I000,Mob_C0_A000,FX_WeaponSlash_05,FX_WeaponHit_17,Mob_Shadow_000,11409,21409,71.0
1410,2,5,잿불 라임 슬라임,238.0,119.0,1096.0,2.22,0.1,99.0,200.0,2508.0,-1,Mob_C0_I000,Mob_C0_A000,FX_WeaponSlash_05,FX_WeaponHit_17,Mob_Shadow_000,11410,21410,71.0
1411,2,6,잿불 정령,248.0,149.0,1212.0,0.89,0.08,99.0,200.0,2508.0,-1,Mob_C0_I003,Mob_C0_A003,FX_WeaponSlash_04,FX_WeaponHit_00,Mob_Shadow_000,11411,21411,89.0
1412,2,2,잿불 늑대,147.0,89.0,1148.0,0.78,0.1,99.0,200.0,2508.0,-1,Mob_C0_I004,Mob_C0_A004,FX_WeaponSlash_09,FX_WeaponHit_13,Mob_Shadow_000,11412,21412,132.0
1416,2,5,잿불 망고 슬라임,243.0,121.0,1128.0,2.26,0.1,99.0,200.0,2733.0,-1,Mob_C0_I001,Mob_C0_A001,FX_WeaponSlash_05,FX_WeaponHit_17,Mob_Shadow_000,11416,21416,73.0
1417,2,5,잿불 망고 슬라임,243.0,121.0,1128.0,2.26,0.1,99.0,200.0,2733.0,-1,Mob_C0_I001,Mob_C0_A001,FX_WeaponSlash_05,FX_WeaponHit_17,Mob_Shadow_000,11417,21417,73.0
1418,2,5,잿불 망고 슬라임,243.0,121.0,1128.0,2.26,0.1,99.0,200.0,2733.0,-1,Mob_C0_I001,Mob_C0_A001,FX_WeaponSlash_05,FX_WeaponHit_17,Mob_Shadow_000,11418,21418,73.0
1419,2,6,잿불 늑대,255.0,152.0,1248.0,0.9,0.08,99.0,200.0,2733.0,-1,Mob_C0_I004,Mob_C0_A004,FX_WeaponSlash_04,FX_WeaponHit_00,Mob_Shadow_000,11419,21419,93.0
1420,2,2,잿불 고블린 창병,151.0,91.0,1176.0,0.79,0.1,99.0,200.0,2733.0,-1,Mob_C0_I005,Mob_C0_A005,FX_WeaponSlash_09,FX_WeaponHit_13,Mob_Shadow_000,11420,21420,136.0
1424,2,5,잿불 크로우,248.0,124.0,1152.0,2.3,0.1,99.0,200.0,2979.0,-1,Mob_C0_I002,Mob_C0_A002,FX_WeaponSlash_05,FX_WeaponHit_17,Mob_Shadow_000,11424,21424,73.0
1425,2,5,잿불 크로우,248.0,124.0,1152.0,2.3,0.1,99.0,200.0,2979.0,-1,Mob_C0_I002,Mob_C0_A002,FX_WeaponSlash_05,FX_WeaponHit_17,Mob_Shadow_000,11425,21425,73.0
1426,2,5,잿불 크로우,248.0,124.0,1152.0,2.3,0.1,99.0,200.0,2979.0,-1,Mob_C0_I002,Mob_C0_A002,FX_WeaponSlash_05,FX_WeaponHit_17,Mob_Shadow_000,11426,21426,73.0
1427,2,6,잿불 고블린 창병,261.0,155.0,1284.0,0.92,0.08,99.0,200.0,2979.0,-1,Mob_C0_I005,Mob_C0_A005,FX_WeaponSlash_04,FX_WeaponHit_00,Mob_Shadow_000,11427,21427,97.0
1428,2,2,잿불 해골 전사,155.0,93.0,1204.0,0.8,0.1,99.0,200.0,2979.0,-1,Mob_C0_I006,Mob_C0_A006,FX_WeaponSlash_09,FX_WeaponHit_13,Mob_Shadow_000,11428,21428,142.0
1432,2,5,잿불 정령,254.0,127.0,1112.0,2.34,0.1,99.0,200.0,3247.0,-1,Mob_C0_I003,Mob_C0_A003,FX_WeaponSlash_05,FX_WeaponHit_17,Mob_Shadow_000,11432,21432,81.0
1433,2,5,잿불 정령,254.0,127.0,1112.0,2.34,0.1,99.0,200.0,3247.0,-1,Mob_C0_I003,Mob_C0_A003,FX_WeaponSlash_05,FX_WeaponHit_17,Mob_Shadow_000,11433,21433,81.0
1434,2,5,잿불 정령,254.0,127.0,1112.0,2.34,0.1,99.0,200.0,3247.0,-1,Mob_C0_I003,Mob_C0_A003,FX_WeaponSlash_05,FX_WeaponHit_17,Mob_Shadow_000,11434,21434,81.0
1435,2,6,잿불 해골 전사,267.0,159.0,1430.0,0.94,0.08,99.0,200.0,3247.0,-1,Mob_C0_I006,Mob_C0_A006,FX_WeaponSlash_04,FX_WeaponHit_00,Mob_Shadow_000,11435,21435,103.0
1436,2,2,잿불 고블린 방패병,158.0,95.0,1239.0,0.82,0.1,99.0,200.0,3247.0,-1,Mob_C0_I007,Mob_C0_A007,FX_WeaponSlash_09,FX_WeaponHit_13,Mob_Shadow_000,11436,21436,144.0
1440,2,5,잿불 늑대,260.0,129.0,1144.0,2.38,0.1,99.0,200.0,3540.0,-1,Mob_C0_I004,Mob_C0_A004,FX_WeaponSlash_05,FX_WeaponHit_17,Mob_Shadow_000,11440,21440,81.0
1441,2,5,잿불 늑대,260.0,129.0,1144.0,2.38,0.1,99.0,200.0,3540.0,-1,Mob_C0_I004,Mob_C0_A004,FX_WeaponSlash_05,FX_WeaponHit_17,Mob_Shadow_000,11441,21441,81.0
1442,2,5,잿불 늑대,260.0,129.0,1144.0,2.38,0.1,99.0,200.0,3540.0,-1,Mob_C0_I004,Mob_C0_A004,FX_WeaponSlash_05,FX_WeaponHit_17,Mob_Shadow_000,11442,21442,81.0
1443,2,6,잿불 고블린 방패병,269.0,162.0,1469.0,0.95,0.08,99.0,200.0,3540.0,-1,Mob_C0_I007,Mob_C0_A007,FX_WeaponSlash_04,FX_WeaponHit_00,Mob_Shadow_000,11443,21443,104.0
1444,2,2,잿불 파수꾼,158.0,97.0,1267.0,0.83,0.1,99.0,200.0,3540.0,-1,Mob_C0_I008,Mob_C0_I008,FX_WeaponSlash_09,FX_WeaponHit_13,Mob_Shadow_000,11444,21444,148.0
1448,2,2,잿불 고블린 창병,147.0,99.0,1253.0,0.85,0.1,99.0,200.0,3858.0,-1,Mob_C0_I005,Mob_C0_A005,FX_WeaponSlash_09,FX_WeaponHit_13,Mob_Shadow_000,11448,21448,87.0
1449,2,2,잿불 고블린 창병,147.0,99.0,1253.0,0.85,0.1,99.0,200.0,3858.0,-1,Mob_C0_I005,Mob_C0_A005,FX_WeaponSlash_09,FX_WeaponHit_13,Mob_Shadow_000,11449,21449,87.0
1450,2,2,잿불 고블린 창병,147.0,99.0,1253.0,0.85,0.1,99.0,200.0,3858.0,-1,Mob_C0_I005,Mob_C0_A005,FX_WeaponSlash_09,FX_WeaponHit_13,Mob_Shadow_000,11450,21450,87.0
1451,2,6,잿불 파수꾼,275.0,165.0,1508.0,0.98,0.08,99.0,200.0,3858.0,-1,Mob_C0_I008,Mob_C0_I008,FX_WeaponSlash_04,FX_WeaponHit_00,Mob_Shadow_000,11451,21451,109.0
1452,2,4,잿불 거수,293.0,99.0,762.0,0.73,0.06,99.0,200.0,3858.0,-1,Mob_C0_I009,Mob_C0_A009,FX_WeaponSlash_03,FX_WeaponHit_18,Mob_Shadow_000,11452,21452,154.0
1456,2,2,잿불 해골 전사,150.0,101.0,1472.0,0.87,0.1,99.0,200.0,4205.0,-1,Mob_C0_I006,Mob_C0_A006,FX_WeaponSlash_09,FX_WeaponHit_13,Mob_Shadow_000,11456,21456,90.0
1457,2,2,잿불 해골 전사,150.0,101.0,1472.0,0.87,0.1,99.0,200.0,4205.0,-1,Mob_C0_I006,Mob_C0_A006,FX_WeaponSlash_09,FX_WeaponHit_13,Mob_Shadow_000,11457,21457,90.0
1458,2,2,잿불 해골 전사,150.0,101.0,1472.0,0.87,0.1,99.0,200.0,4205.0,-1,Mob_C0_I006,Mob_C0_A006,FX_WeaponSlash_09,FX_WeaponHit_13,Mob_Shadow_000,11458,21458,90.0
1459,2,6,잿불 거수,281.0,168.0,1560.0,0.99,0.08,99.0,200.0,4205.0,-1,Mob_C0_I009,Mob_C0_A009,FX_WeaponSlash_04,FX_WeaponHit_00,Mob_Shadow_000,11459,21459,114.0
1460,2,4,잿불 라임 슬라임,300.0,101.0,779.0,0.74,0.06,99.0,200.0,4205.0,-1,Mob_C0_I000,Mob_C0_A000,FX_WeaponSlash_03,FX_WeaponHit_18,Mob_Shadow_000,11460,21460,162.0
1464,2,2,잿불 고블린 방패병,154.0,102.0,1512.0,0.88,0.1,99.0,200.0,4584.0,-1,Mob_C0_I007,Mob_C0_A007,FX_WeaponSlash_09,FX_WeaponHit_13,Mob_Shadow_000,11464,21464,94.0
1465,2,2,잿불 고블린 방패병,154.0,102.0,1512.0,0.88,0.1,99.0,200.0,4584.0,-1,Mob_C0_I007,Mob_C0_A007,FX_WeaponSlash_09,FX_WeaponHit_13,Mob_Shadow_000,11465,21465,94.0
1466,2,2,잿불 고블린 방패병,154.0,102.0,1512.0,0.88,0.1,99.0,200.0,4584.0,-1,Mob_C0_I007,Mob_C0_A007,FX_WeaponSlash_09,FX_WeaponHit_13,Mob_Shadow_000,11466,21466,94.0
1467,2,6,잿불 라임 슬라임,286.0,171.0,1722.0,1.01,0.08,99.0,200.0,4584.0,-1,Mob_C0_I000,Mob_C0_A000,FX_WeaponSlash_04,FX_WeaponHit_00,Mob_Shadow_000,11467,21467,113.0
1468,2,4,잿불 망고 슬라임,307.0,102.0,795.0,0.76,0.06,99.0,200.0,4584.0,-1,Mob_C0_I001,Mob_C0_A001,FX_WeaponSlash_03,FX_WeaponHit_18,Mob_Shadow_000,11468,21468,166.0
1472,2,2,잿불 파수꾼,157.0,104.0,1544.0,0.9,0.1,99.0,200.0,4996.0,-1,Mob_C0_I008,Mob_C0_I008,FX_WeaponSlash_09,FX_WeaponHit_13,Mob_Shadow_000,11472,21472,96.0
1473,2,2,잿불 파수꾼,157.0,104.0,1544.0,0.9,0.1,99.0,200.0,4996.0,-1,Mob_C0_I008,Mob_C0_I008,FX_WeaponSlash_09,FX_WeaponHit_13,Mob_Shadow_000,11473,21473,96.0
1474,2,2,잿불 파수꾼,157.0,104.0,1544.0,0.9,0.1,99.0,200.0,4996.0,-1,Mob_C0_I008,Mob_C0_I008,FX_WeaponSlash_09,FX_WeaponHit_13,Mob_Shadow_000,11474,21474,96.0
1475,2,6,잿불 망고 슬라임,292.0,174.0,1755.0,1.02,0.08,99.0,200.0,4996.0,-1,Mob_C0_I001,Mob_C0_A001,FX_WeaponSlash_04,FX_WeaponHit_00,Mob_Shadow_000,11475,21475,118.0
1476,2,4,잿불 크로우,314.0,104.0,823.0,0.77,0.06,99.0,200.0,4996.0,-1,Mob_C0_I002,Mob_C0_A002,FX_WeaponSlash_03,FX_WeaponHit_18,Mob_Shadow_000,11476,21476,174.0
1480,2,2,잿불 거수,154.0,106.0,1584.0,0.91,0.1,99.0,200.0,5446.0,-1,Mob_C0_I009,Mob_C0_A009,FX_WeaponSlash_09,FX_WeaponHit_13,Mob_Shadow_000,11480,21480,96.0
1481,2,2,잿불 거수,154.0,106.0,1584.0,0.91,0.1,99.0,200.0,5446.0,-1,Mob_C0_I009,Mob_C0_A009,FX_WeaponSlash_09,FX_WeaponHit_13,Mob_Shadow_000,11481,21481,96.0
1482,2,2,잿불 거수,154.0,106.0,1584.0,0.91,0.1,99.0,200.0,5446.0,-1,Mob_C0_I009,Mob_C0_A009,FX_WeaponSlash_09,FX_WeaponHit_13,Mob_Shadow_000,11482,21482,96.0
1483,2,6,잿불 크로우,294.0,178.0,1680.0,1.04,0.08,99.0,200.0,5446.0,-1,Mob_C0_I002,Mob_C0_A002,FX_WeaponSlash_04,FX_WeaponHit_00,Mob_Shadow_000,11483,21483,121.0
1484,2,4,잿불 정령,311.0,106.0,840.0,0.78,0.06,99.0,200.0,5446.0,-1,Mob_C0_I003,Mob_C0_A003,FX_WeaponSlash_03,FX_WeaponHit_18,Mob_Shadow_000,11484,21484,177.0
902,2,2,재의 파수꾼,199.0,108.0,3350.0,0.77,0.15,20.0,200.0,16337.0,-1,Mob_C0_I008,Mob_C0_I008,FX_WeaponSlash_09,FX_WeaponHit_04,Mob_Shadow_000,10902,20902,526.0
1488,3,4,서리 라임 슬라임,319.0,108.0,854.0,0.54,0.06,99.0,200.0,5936.0,-1,Mob_C0_I000,Mob_C0_A000,FX_WeaponSlash_03,FX_WeaponHit_18,Mob_Shadow_000,11488,21488,76.0
1489,3,4,서리 라임 슬라임,319.0,108.0,854.0,0.54,0.06,99.0,200.0,5936.0,-1,Mob_C0_I000,Mob_C0_A000,FX_WeaponSlash_03,FX_WeaponHit_18,Mob_Shadow_000,11489,21489,76.0
1490,3,4,서리 라임 슬라임,319.0,108.0,854.0,0.54,0.06,99.0,200.0,5936.0,-1,Mob_C0_I000,Mob_C0_A000,FX_WeaponSlash_03,FX_WeaponHit_18,Mob_Shadow_000,11490,21490,76.0
1491,3,0,서리 정령,328.0,181.0,861.0,0.9,0.1,99.0,200.0,5936.0,-1,Mob_C0_I003,Mob_C0_A003,FX_WeaponSlash_00,FX_WeaponHit_14,Mob_Shadow_000,11491,21491,93.0
1492,3,7,서리 늑대,296.0,90.0,908.0,1.17,0.05,99.0,200.0,5936.0,-1,Mob_C0_I004,Mob_C0_A004,FX_WeaponSlash_08,FX_WeaponHit_02,Mob_Shadow_000,11492,21492,128.0
1496,3,4,서리 망고 슬라임,325.0,110.0,867.0,0.55,0.06,99.0,200.0,6470.0,-1,Mob_C0_I001,Mob_C0_A001,FX_WeaponSlash_03,FX_WeaponHit_18,Mob_Shadow_000,11496,21496,78.0
1497,3,4,서리 망고 슬라임,325.0,110.0,867.0,0.55,0.06,99.0,200.0,6470.0,-1,Mob_C0_I001,Mob_C0_A001,FX_WeaponSlash_03,FX_WeaponHit_18,Mob_Shadow_000,11497,21497,78.0
1498,3,4,서리 망고 슬라임,325.0,110.0,867.0,0.55,0.06,99.0,200.0,6470.0,-1,Mob_C0_I001,Mob_C0_A001,FX_WeaponSlash_03,FX_WeaponHit_18,Mob_Shadow_000,11498,21498,78.0
1499,3,0,서리 늑대,319.0,184.0,882.0,0.92,0.1,99.0,200.0,6470.0,-1,Mob_C0_I004,Mob_C0_A004,FX_WeaponSlash_00,FX_WeaponHit_14,Mob_Shadow_000,11499,21499,96.0
1500,3,7,서리 고블린 창병,302.0,92.0,921.0,1.2,0.05,99.0,200.0,6470.0,-1,Mob_C0_I005,Mob_C0_A005,FX_WeaponSlash_08,FX_WeaponHit_02,Mob_Shadow_000,11500,21500,137.0
1504,3,4,서리 크로우,318.0,112.0,885.0,0.56,0.06,99.0,200.0,7052.0,-1,Mob_C0_I002,Mob_C0_A002,FX_WeaponSlash_03,FX_WeaponHit_18,Mob_Shadow_000,11504,21504,80.0
1505,3,4,서리 크로우,318.0,112.0,885.0,0.56,0.06,99.0,200.0,7052.0,-1,Mob_C0_I002,Mob_C0_A002,FX_WeaponSlash_03,FX_WeaponHit_18,Mob_Shadow_000,11505,21505,80.0
1506,3,4,서리 크로우,318.0,112.0,885.0,0.56,0.06,99.0,200.0,7052.0,-1,Mob_C0_I002,Mob_C0_A002,FX_WeaponSlash_03,FX_WeaponHit_18,Mob_Shadow_000,11506,21506,80.0
1507,3,0,서리 고블린 창병,325.0,187.0,1040.0,0.94,0.1,99.0,200.0,7052.0,-1,Mob_C0_I005,Mob_C0_A005,FX_WeaponSlash_00,FX_WeaponHit_14,Mob_Shadow_000,11507,21507,99.0
1508,3,7,서리 해골 전사,306.0,93.0,942.0,1.22,0.05,99.0,200.0,7052.0,-1,Mob_C0_I006,Mob_C0_A006,FX_WeaponSlash_08,FX_WeaponHit_02,Mob_Shadow_000,11508,21508,142.0
1512,3,4,서리 정령,325.0,114.0,914.0,0.58,0.06,99.0,200.0,7687.0,-1,Mob_C0_I003,Mob_C0_A003,FX_WeaponSlash_03,FX_WeaponHit_18,Mob_Shadow_000,11512,21512,83.0
1513,3,4,서리 정령,325.0,114.0,914.0,0.58,0.06,99.0,200.0,7687.0,-1,Mob_C0_I003,Mob_C0_A003,FX_WeaponSlash_03,FX_WeaponHit_18,Mob_Shadow_000,11513,21513,83.0
1514,3,4,서리 정령,325.0,114.0,914.0,0.58,0.06,99.0,200.0,7687.0,-1,Mob_C0_I003,Mob_C0_A003,FX_WeaponSlash_03,FX_WeaponHit_18,Mob_Shadow_000,11514,21514,83.0
1515,3,0,서리 해골 전사,333.0,190.0,1064.0,0.96,0.1,99.0,200.0,7687.0,-1,Mob_C0_I006,Mob_C0_A006,FX_WeaponSlash_00,FX_WeaponHit_14,Mob_Shadow_000,11515,21515,105.0
1516,3,7,서리 고블린 방패병,312.0,95.0,971.0,1.25,0.05,99.0,200.0,7687.0,-1,Mob_C0_I007,Mob_C0_A007,FX_WeaponSlash_08,FX_WeaponHit_02,Mob_Shadow_000,11516,21516,142.0
1520,3,4,서리 늑대,331.0,116.0,928.0,0.59,0.06,99.0,200.0,8378.0,-1,Mob_C0_I004,Mob_C0_A004,FX_WeaponSlash_03,FX_WeaponHit_18,Mob_Shadow_000,11520,21520,86.0
1521,3,4,서리 늑대,331.0,116.0,928.0,0.59,0.06,99.0,200.0,8378.0,-1,Mob_C0_I004,Mob_C0_A004,FX_WeaponSlash_03,FX_WeaponHit_18,Mob_Shadow_000,11521,21521,86.0
1522,3,4,서리 늑대,331.0,116.0,928.0,0.59,0.06,99.0,200.0,8378.0,-1,Mob_C0_I004,Mob_C0_A004,FX_WeaponSlash_03,FX_WeaponHit_18,Mob_Shadow_000,11522,21522,86.0
1523,3,0,서리 고블린 방패병,339.0,193.0,1088.0,0.98,0.1,99.0,200.0,8378.0,-1,Mob_C0_I007,Mob_C0_A007,FX_WeaponSlash_00,FX_WeaponHit_14,Mob_Shadow_000,11523,21523,109.0
1524,3,7,서리 파수꾼,318.0,96.0,988.0,1.27,0.05,99.0,200.0,8378.0,-1,Mob_C0_I008,Mob_C0_I008,FX_WeaponSlash_08,FX_WeaponHit_02,Mob_Shadow_000,11524,21524,152.0
1528,3,7,서리 고블린 창병,316.0,98.0,1006.0,1.31,0.05,99.0,200.0,9132.0,-1,Mob_C0_I005,Mob_C0_A005,FX_WeaponSlash_08,FX_WeaponHit_02,Mob_Shadow_000,11528,21528,90.0
1529,3,7,서리 고블린 창병,316.0,98.0,1006.0,1.31,0.05,99.0,200.0,9132.0,-1,Mob_C0_I005,Mob_C0_A005,FX_WeaponSlash_08,FX_WeaponHit_02,Mob_Shadow_000,11529,21529,90.0
1530,3,7,서리 고블린 창병,316.0,98.0,1006.0,1.31,0.05,99.0,200.0,9132.0,-1,Mob_C0_I005,Mob_C0_A005,FX_WeaponSlash_08,FX_WeaponHit_02,Mob_Shadow_000,11530,21530,90.0
1531,3,0,서리 파수꾼,345.0,197.0,1112.0,1.01,0.1,99.0,200.0,9132.0,-1,Mob_C0_I008,Mob_C0_I008,FX_WeaponSlash_00,FX_WeaponHit_14,Mob_Shadow_000,11531,21531,112.0
1532,3,4,서리 거수,348.0,118.0,946.0,0.61,0.06,99.0,200.0,9132.0,-1,Mob_C0_I009,Mob_C0_A009,FX_WeaponSlash_03,FX_WeaponHit_18,Mob_Shadow_000,11532,21532,161.0
1536,3,7,서리 해골 전사,322.0,100.0,1019.0,1.34,0.05,99.0,200.0,9954.0,-1,Mob_C0_I006,Mob_C0_A006,FX_WeaponSlash_08,FX_WeaponHit_02,Mob_Shadow_000,11536,21536,90.0
1537,3,7,서리 해골 전사,322.0,100.0,1019.0,1.34,0.05,99.0,200.0,9954.0,-1,Mob_C0_I006,Mob_C0_A006,FX_WeaponSlash_08,FX_WeaponHit_02,Mob_Shadow_000,11537,21537,90.0
1538,3,7,서리 해골 전사,322.0,100.0,1019.0,1.34,0.05,99.0,200.0,9954.0,-1,Mob_C0_I006,Mob_C0_A006,FX_WeaponSlash_08,FX_WeaponHit_02,Mob_Shadow_000,11538,21538,90.0
1539,3,0,서리 거수,352.0,200.0,1136.0,1.03,0.1,99.0,200.0,9954.0,-1,Mob_C0_I009,Mob_C0_A009,FX_WeaponSlash_00,FX_WeaponHit_14,Mob_Shadow_000,11539,21539,115.0
1540,3,4,서리 라임 슬라임,355.0,120.0,959.0,0.62,0.06,99.0,200.0,9954.0,-1,Mob_C0_I000,Mob_C0_A000,FX_WeaponSlash_03,FX_WeaponHit_18,Mob_Shadow_000,11540,21540,165.0
1544,3,7,서리 고블린 방패병,327.0,101.0,1036.0,1.37,0.05,99.0,200.0,10850.0,-1,Mob_C0_I007,Mob_C0_A007,FX_WeaponSlash_08,FX_WeaponHit_02,Mob_Shadow_000,11544,21544,90.0
1545,3,7,서리 고블린 방패병,327.0,101.0,1036.0,1.37,0.05,99.0,200.0,10850.0,-1,Mob_C0_I007,Mob_C0_A007,FX_WeaponSlash_08,FX_WeaponHit_02,Mob_Shadow_000,11545,21545,90.0
1546,3,7,서리 고블린 방패병,327.0,101.0,1036.0,1.37,0.05,99.0,200.0,10850.0,-1,Mob_C0_I007,Mob_C0_A007,FX_WeaponSlash_08,FX_WeaponHit_02,Mob_Shadow_000,11546,21546,90.0
1547,3,0,서리 라임 슬라임,358.0,203.0,1160.0,1.05,0.1,99.0,200.0,10850.0,-1,Mob_C0_I000,Mob_C0_A000,FX_WeaponSlash_00,FX_WeaponHit_14,Mob_Shadow_000,11547,21547,118.0
1548,3,4,서리 망고 슬라임,361.0,122.0,973.0,0.63,0.06,99.0,200.0,10850.0,-1,Mob_C0_I001,Mob_C0_A001,FX_WeaponSlash_03,FX_WeaponHit_18,Mob_Shadow_000,11548,21548,169.0
1552,3,7,서리 파수꾼,332.0,103.0,1071.0,1.39,0.05,99.0,200.0,11826.0,-1,Mob_C0_I008,Mob_C0_I008,FX_WeaponSlash_08,FX_WeaponHit_02,Mob_Shadow_000,11552,21552,90.0
1553,3,7,서리 파수꾼,332.0,103.0,1071.0,1.39,0.05,99.0,200.0,11826.0,-1,Mob_C0_I008,Mob_C0_I008,FX_WeaponSlash_08,FX_WeaponHit_02,Mob_Shadow_000,11553,21553,90.0
1554,3,7,서리 파수꾼,332.0,103.0,1071.0,1.39,0.05,99.0,200.0,11826.0,-1,Mob_C0_I008,Mob_C0_I008,FX_WeaponSlash_08,FX_WeaponHit_02,Mob_Shadow_000,11554,21554,90.0
1555,3,0,서리 망고 슬라임,365.0,207.0,1251.0,1.07,0.1,99.0,200.0,11826.0,-1,Mob_C0_I001,Mob_C0_A001,FX_WeaponSlash_00,FX_WeaponHit_14,Mob_Shadow_000,11555,21555,124.0
1556,3,4,서리 크로우,368.0,124.0,1008.0,0.64,0.06,99.0,200.0,11826.0,-1,Mob_C0_I002,Mob_C0_A002,FX_WeaponSlash_03,FX_WeaponHit_18,Mob_Shadow_000,11556,21556,177.0
1560,3,7,서리 거수,338.0,105.0,1085.0,1.42,0.05,99.0,200.0,12890.0,-1,Mob_C0_I009,Mob_C0_A009,FX_WeaponSlash_08,FX_WeaponHit_02,Mob_Shadow_000,11560,21560,98.0
1561,3,7,서리 거수,338.0,105.0,1085.0,1.42,0.05,99.0,200.0,12890.0,-1,Mob_C0_I009,Mob_C0_A009,FX_WeaponSlash_08,FX_WeaponHit_02,Mob_Shadow_000,11561,21561,98.0
1562,3,7,서리 거수,338.0,105.0,1085.0,1.42,0.05,99.0,200.0,12890.0,-1,Mob_C0_I009,Mob_C0_A009,FX_WeaponSlash_08,FX_WeaponHit_02,Mob_Shadow_000,11562,21562,98.0
1563,3,0,서리 크로우,372.0,210.0,1278.0,1.09,0.1,99.0,200.0,12890.0,-1,Mob_C0_I002,Mob_C0_A002,FX_WeaponSlash_00,FX_WeaponHit_14,Mob_Shadow_000,11563,21563,127.0
1564,3,4,서리 정령,375.0,126.0,1022.0,0.65,0.06,99.0,200.0,12890.0,-1,Mob_C0_I003,Mob_C0_A003,FX_WeaponSlash_03,FX_WeaponHit_18,Mob_Shadow_000,11564,21564,181.0
1568,3,0,서리 라임 슬라임,370.0,213.0,1359.0,1.11,0.1,99.0,200.0,14050.0,-1,Mob_C0_I000,Mob_C0_A000,FX_WeaponSlash_00,FX_WeaponHit_14,Mob_Shadow_000,11568,21568,106.0
1569,3,0,서리 라임 슬라임,370.0,213.0,1359.0,1.11,0.1,99.0,200.0,14050.0,-1,Mob_C0_I000,Mob_C0_A000,FX_WeaponSlash_00,FX_WeaponHit_14,Mob_Shadow_000,11569,21569,106.0
1570,3,0,서리 라임 슬라임,370.0,213.0,1359.0,1.11,0.1,99.0,200.0,14050.0,-1,Mob_C0_I000,Mob_C0_A000,FX_WeaponSlash_00,FX_WeaponHit_14,Mob_Shadow_000,11570,21570,106.0
1571,3,4,서리 정령,367.0,127.0,1039.0,0.67,0.06,99.0,200.0,14050.0,-1,Mob_C0_I003,Mob_C0_A003,FX_WeaponSlash_03,FX_WeaponHit_18,Mob_Shadow_000,11571,21571,130.0
1572,3,7,서리 늑대,350.0,106.0,1102.0,1.44,0.05,99.0,200.0,14050.0,-1,Mob_C0_I004,Mob_C0_A004,FX_WeaponSlash_08,FX_WeaponHit_02,Mob_Shadow_000,11572,21572,182.0
1576,3,0,서리 망고 슬라임,367.0,216.0,1314.0,1.13,0.1,99.0,200.0,15315.0,-1,Mob_C0_I001,Mob_C0_A001,FX_WeaponSlash_00,FX_WeaponHit_14,Mob_Shadow_000,11576,21576,109.0
1577,3,0,서리 망고 슬라임,367.0,216.0,1314.0,1.13,0.1,99.0,200.0,15315.0,-1,Mob_C0_I001,Mob_C0_A001,FX_WeaponSlash_00,FX_WeaponHit_14,Mob_Shadow_000,11577,21577,109.0
1578,3,0,서리 망고 슬라임,367.0,216.0,1314.0,1.13,0.1,99.0,200.0,15315.0,-1,Mob_C0_I001,Mob_C0_A001,FX_WeaponSlash_00,FX_WeaponHit_14,Mob_Shadow_000,11578,21578,109.0
1579,3,4,서리 늑대,373.0,129.0,1057.0,0.68,0.06,99.0,200.0,15315.0,-1,Mob_C0_I004,Mob_C0_A004,FX_WeaponSlash_03,FX_WeaponHit_18,Mob_Shadow_000,11579,21579,134.0
1580,3,7,서리 고블린 창병,356.0,108.0,1120.0,1.47,0.05,99.0,200.0,15315.0,-1,Mob_C0_I005,Mob_C0_A005,FX_WeaponSlash_08,FX_WeaponHit_02,Mob_Shadow_000,11580,21580,194.0
1584,3,0,서리 크로우,374.0,219.0,1341.0,1.15,0.1,99.0,200.0,16693.0,-1,Mob_C0_I002,Mob_C0_A002,FX_WeaponSlash_00,FX_WeaponHit_14,Mob_Shadow_000,11584,21584,113.0
1585,3,0,서리 크로우,374.0,219.0,1341.0,1.15,0.1,99.0,200.0,16693.0,-1,Mob_C0_I002,Mob_C0_A002,FX_WeaponSlash_00,FX_WeaponHit_14,Mob_Shadow_000,11585,21585,113.0
1586,3,0,서리 크로우,374.0,219.0,1341.0,1.15,0.1,99.0,200.0,16693.0,-1,Mob_C0_I002,Mob_C0_A002,FX_WeaponSlash_00,FX_WeaponHit_14,Mob_Shadow_000,11586,21586,113.0
1587,3,4,서리 고블린 창병,380.0,131.0,1071.0,0.69,0.06,99.0,200.0,16693.0,-1,Mob_C0_I005,Mob_C0_A005,FX_WeaponSlash_03,FX_WeaponHit_18,Mob_Shadow_000,11587,21587,138.0
1588,3,7,서리 해골 전사,362.0,109.0,1137.0,1.49,0.05,99.0,200.0,16693.0,-1,Mob_C0_I006,Mob_C0_A006,FX_WeaponSlash_08,FX_WeaponHit_02,Mob_Shadow_000,11588,21588,194.0
1592,3,0,서리 정령,380.0,222.0,1368.0,1.17,0.1,99.0,200.0,18195.0,-1,Mob_C0_I003,Mob_C0_A003,FX_WeaponSlash_00,FX_WeaponHit_14,Mob_Shadow_000,11592,21592,117.0
1593,3,0,서리 정령,380.0,222.0,1368.0,1.17,0.1,99.0,200.0,18195.0,-1,Mob_C0_I003,Mob_C0_A003,FX_WeaponSlash_00,FX_WeaponHit_14,Mob_Shadow_000,11593,21593,117.0
1594,3,0,서리 정령,380.0,222.0,1368.0,1.17,0.1,99.0,200.0,18195.0,-1,Mob_C0_I003,Mob_C0_A003,FX_WeaponSlash_00,FX_WeaponHit_14,Mob_Shadow_000,11594,21594,117.0
1595,3,4,서리 해골 전사,386.0,133.0,1104.0,0.7,0.06,99.0,200.0,18195.0,-1,Mob_C0_I006,Mob_C0_A006,FX_WeaponSlash_03,FX_WeaponHit_18,Mob_Shadow_000,11595,21595,142.0
1596,3,7,서리 고블린 방패병,366.0,111.0,1170.0,1.52,0.05,99.0,200.0,18195.0,-1,Mob_C0_I007,Mob_C0_A007,FX_WeaponSlash_08,FX_WeaponHit_02,Mob_Shadow_000,11596,21596,197.0
1600,3,0,서리 늑대,385.0,226.0,1550.0,1.19,0.1,99.0,200.0,19833.0,-1,Mob_C0_I004,Mob_C0_A004,FX_WeaponSlash_00,FX_WeaponHit_14,Mob_Shadow_000,11600,21600,117.0
1601,3,0,서리 늑대,385.0,226.0,1550.0,1.19,0.1,99.0,200.0,19833.0,-1,Mob_C0_I004,Mob_C0_A004,FX_WeaponSlash_00,FX_WeaponHit_14,Mob_Shadow_000,11601,21601,117.0
1602,3,0,서리 늑대,385.0,226.0,1550.0,1.19,0.1,99.0,200.0,19833.0,-1,Mob_C0_I004,Mob_C0_A004,FX_WeaponSlash_00,FX_WeaponHit_14,Mob_Shadow_000,11602,21602,117.0
1603,3,4,서리 고블린 방패병,392.0,135.0,1122.0,0.71,0.06,99.0,200.0,19833.0,-1,Mob_C0_I007,Mob_C0_A007,FX_WeaponSlash_03,FX_WeaponHit_18,Mob_Shadow_000,11603,21603,146.0
1604,3,7,서리 파수꾼,372.0,113.0,1188.0,1.55,0.05,99.0,200.0,19833.0,-1,Mob_C0_I008,Mob_C0_I008,FX_WeaponSlash_08,FX_WeaponHit_02,Mob_Shadow_000,11604,21604,210.0
1608,3,7,서리 고블린 창병,371.0,114.0,1205.0,1.59,0.05,99.0,200.0,21617.0,-1,Mob_C0_I005,Mob_C0_A005,FX_WeaponSlash_08,FX_WeaponHit_02,Mob_Shadow_000,11608,21608,119.0
1609,3,7,서리 고블린 창병,371.0,114.0,1205.0,1.59,0.05,99.0,200.0,21617.0,-1,Mob_C0_I005,Mob_C0_A005,FX_WeaponSlash_08,FX_WeaponHit_02,Mob_Shadow_000,11609,21609,119.0
1610,3,7,서리 고블린 창병,371.0,114.0,1205.0,1.59,0.05,99.0,200.0,21617.0,-1,Mob_C0_I005,Mob_C0_A005,FX_WeaponSlash_08,FX_WeaponHit_02,Mob_Shadow_000,11610,21610,119.0
1611,3,4,서리 파수꾼,399.0,137.0,1136.0,0.73,0.06,99.0,200.0,21617.0,-1,Mob_C0_I008,Mob_C0_I008,FX_WeaponSlash_03,FX_WeaponHit_18,Mob_Shadow_000,11611,21611,150.0
1612,3,6,서리 거수,402.0,229.0,2015.0,0.98,0.08,99.0,200.0,21617.0,-1,Mob_C0_I009,Mob_C0_A009,FX_WeaponSlash_04,FX_WeaponHit_00,Mob_Shadow_000,11612,21612,217.0
1616,3,7,서리 해골 전사,375.0,116.0,1219.0,1.61,0.05,99.0,200.0,23563.0,-1,Mob_C0_I006,Mob_C0_A006,FX_WeaponSlash_08,FX_WeaponHit_02,Mob_Shadow_000,11616,21616,114.0
1617,3,7,서리 해골 전사,375.0,116.0,1219.0,1.61,0.05,99.0,200.0,23563.0,-1,Mob_C0_I006,Mob_C0_A006,FX_WeaponSlash_08,FX_WeaponHit_02,Mob_Shadow_000,11617,21617,114.0
1618,3,7,서리 해골 전사,375.0,116.0,1219.0,1.61,0.05,99.0,200.0,23563.0,-1,Mob_C0_I006,Mob_C0_A006,FX_WeaponSlash_08,FX_WeaponHit_02,Mob_Shadow_000,11618,21618,114.0
1619,3,4,서리 거수,405.0,139.0,1150.0,0.74,0.06,99.0,200.0,23563.0,-1,Mob_C0_I009,Mob_C0_A009,FX_WeaponSlash_03,FX_WeaponHit_18,Mob_Shadow_000,11619,21619,154.0
1620,3,6,서리 라임 슬라임,408.0,232.0,2054.0,0.99,0.08,99.0,200.0,23563.0,-1,Mob_C0_I000,Mob_C0_A000,FX_WeaponSlash_04,FX_WeaponHit_00,Mob_Shadow_000,11620,21620,222.0
1624,3,7,서리 고블린 방패병,381.0,117.0,1241.0,1.64,0.05,99.0,200.0,25683.0,-1,Mob_C0_I007,Mob_C0_A007,FX_WeaponSlash_08,FX_WeaponHit_02,Mob_Shadow_000,11624,21624,128.0
1625,3,7,서리 고블린 방패병,381.0,117.0,1241.0,1.64,0.05,99.0,200.0,25683.0,-1,Mob_C0_I007,Mob_C0_A007,FX_WeaponSlash_08,FX_WeaponHit_02,Mob_Shadow_000,11625,21625,128.0
1626,3,7,서리 고블린 방패병,381.0,117.0,1241.0,1.64,0.05,99.0,200.0,25683.0,-1,Mob_C0_I007,Mob_C0_A007,FX_WeaponSlash_08,FX_WeaponHit_02,Mob_Shadow_000,11626,21626,128.0
1627,3,4,서리 라임 슬라임,412.0,141.0,1169.0,0.76,0.06,99.0,200.0,25683.0,-1,Mob_C0_I000,Mob_C0_A000,FX_WeaponSlash_03,FX_WeaponHit_18,Mob_Shadow_000,11627,21627,162.0
1628,3,6,서리 망고 슬라임,413.0,235.0,2268.0,1.01,0.08,99.0,200.0,25683.0,-1,Mob_C0_I001,Mob_C0_A001,FX_WeaponSlash_04,FX_WeaponHit_00,Mob_Shadow_000,11628,21628,230.0
1632,3,7,서리 파수꾼,387.0,119.0,1275.0,1.66,0.05,99.0,200.0,27995.0,-1,Mob_C0_I008,Mob_C0_I008,FX_WeaponSlash_08,FX_WeaponHit_02,Mob_Shadow_000,11632,21632,128.0
1633,3,7,서리 파수꾼,387.0,119.0,1275.0,1.66,0.05,99.0,200.0,27995.0,-1,Mob_C0_I008,Mob_C0_I008,FX_WeaponSlash_08,FX_WeaponHit_02,Mob_Shadow_000,11633,21633,128.0
1634,3,7,서리 파수꾼,387.0,119.0,1275.0,1.66,0.05,99.0,200.0,27995.0,-1,Mob_C0_I008,Mob_C0_I008,FX_WeaponSlash_08,FX_WeaponHit_02,Mob_Shadow_000,11634,21634,128.0
1635,3,4,서리 망고 슬라임,419.0,143.0,1203.0,0.77,0.06,99.0,200.0,27995.0,-1,Mob_C0_I001,Mob_C0_A001,FX_WeaponSlash_03,FX_WeaponHit_18,Mob_Shadow_000,11635,21635,166.0
1636,3,6,서리 크로우,420.0,238.0,2310.0,1.02,0.08,99.0,200.0,27995.0,-1,Mob_C0_I002,Mob_C0_A002,FX_WeaponSlash_04,FX_WeaponHit_00,Mob_Shadow_000,11636,21636,235.0
1640,3,7,서리 거수,392.0,120.0,1292.0,1.69,0.05,99.0,200.0,30514.0,-1,Mob_C0_I009,Mob_C0_A009,FX_WeaponSlash_08,FX_WeaponHit_02,Mob_Shadow_000,11640,21640,128.0
1641,3,7,서리 거수,392.0,120.0,1292.0,1.69,0.05,99.0,200.0,30514.0,-1,Mob_C0_I009,Mob_C0_A009,FX_WeaponSlash_08,FX_WeaponHit_02,Mob_Shadow_000,11641,21641,128.0
1642,3,7,서리 거수,392.0,120.0,1292.0,1.69,0.05,99.0,200.0,30514.0,-1,Mob_C0_I009,Mob_C0_A009,FX_WeaponSlash_08,FX_WeaponHit_02,Mob_Shadow_000,11642,21642,128.0
1643,3,4,서리 크로우,416.0,145.0,1217.0,0.78,0.06,99.0,200.0,30514.0,-1,Mob_C0_I002,Mob_C0_A002,FX_WeaponSlash_03,FX_WeaponHit_18,Mob_Shadow_000,11643,21643,167.0
1644,3,6,서리 정령,420.0,241.0,2352.0,1.04,0.08,99.0,200.0,30514.0,-1,Mob_C0_I003,Mob_C0_A003,FX_WeaponSlash_04,FX_WeaponHit_00,Mob_Shadow_000,11644,21644,244.0
903,3,4,얼어붙은 기사,530.0,146.0,1855.0,0.66,0.15,20.0,200.0,91543.0,-1,Mob_C0_I006,Mob_C0_A006,FX_WeaponSlash_03,FX_WeaponHit_04,Mob_Shadow_000,10903,20903,712.0
1648,4,8,심연 라임 슬라임,439.0,0.0,2523.0,0.81,0.01,99.0,200.0,33260.0,-1,Mob_C0_I000,Mob_C0_A000,FX_WeaponSlash_07,FX_WeaponHit_03,Mob_Shadow_000,11648,21648,103.0
1649,4,8,심연 라임 슬라임,439.0,0.0,2523.0,0.81,0.01,99.0,200.0,33260.0,-1,Mob_C0_I000,Mob_C0_A000,FX_WeaponSlash_07,FX_WeaponHit_03,Mob_Shadow_000,11649,21649,103.0
1650,4,8,심연 라임 슬라임,439.0,0.0,2523.0,0.81,0.01,99.0,200.0,33260.0,-1,Mob_C0_I000,Mob_C0_A000,FX_WeaponSlash_07,FX_WeaponHit_03,Mob_Shadow_000,11650,21650,103.0
1651,4,6,심연 정령,440.0,245.0,1680.0,0.72,0.08,99.0,200.0,33260.0,-1,Mob_C0_I003,Mob_C0_A003,FX_WeaponSlash_04,FX_WeaponHit_00,Mob_Shadow_000,11651,21651,125.0
1652,4,7,심연 늑대,408.0,122.0,1311.0,1.17,0.05,99.0,200.0,33260.0,-1,Mob_C0_I004,Mob_C0_A004,FX_WeaponSlash_08,FX_WeaponHit_02,Mob_Shadow_000,11652,21652,182.0
1656,4,8,심연 망고 슬라임,447.0,0.0,2560.0,0.83,0.01,99.0,200.0,36254.0,-1,Mob_C0_I001,Mob_C0_A001,FX_WeaponSlash_07,FX_WeaponHit_03,Mob_Shadow_000,11656,21656,107.0
1657,4,8,심연 망고 슬라임,447.0,0.0,2560.0,0.83,0.01,99.0,200.0,36254.0,-1,Mob_C0_I001,Mob_C0_A001,FX_WeaponSlash_07,FX_WeaponHit_03,Mob_Shadow_000,11657,21657,107.0
1658,4,8,심연 망고 슬라임,447.0,0.0,2560.0,0.83,0.01,99.0,200.0,36254.0,-1,Mob_C0_I001,Mob_C0_A001,FX_WeaponSlash_07,FX_WeaponHit_03,Mob_Shadow_000,11658,21658,107.0
1659,4,6,심연 늑대,448.0,248.0,1710.0,0.74,0.08,99.0,200.0,36254.0,-1,Mob_C0_I004,Mob_C0_A004,FX_WeaponSlash_04,FX_WeaponHit_00,Mob_Shadow_000,11659,21659,131.0
1660,4,7,심연 고블린 창병,414.0,124.0,1325.0,1.2,0.05,99.0,200.0,36254.0,-1,Mob_C0_I005,Mob_C0_A005,FX_WeaponSlash_08,FX_WeaponHit_02,Mob_Shadow_000,11660,21660,182.0
1664,4,8,심연 크로우,453.0,0.0,2921.0,0.85,0.01,99.0,200.0,39517.0,-1,Mob_C0_I002,Mob_C0_A002,FX_WeaponSlash_07,FX_WeaponHit_03,Mob_Shadow_000,11664,21664,109.0
1665,4,8,심연 크로우,453.0,0.0,2921.0,0.85,0.01,99.0,200.0,39517.0,-1,Mob_C0_I002,Mob_C0_A002,FX_WeaponSlash_07,FX_WeaponHit_03,Mob_Shadow_000,11665,21665,109.0
1666,4,8,심연 크로우,453.0,0.0,2921.0,0.85,0.01,99.0,200.0,39517.0,-1,Mob_C0_I002,Mob_C0_A002,FX_WeaponSlash_07,FX_WeaponHit_03,Mob_Shadow_000,11666,21666,109.0
1667,4,6,심연 고블린 창병,455.0,251.0,1740.0,0.75,0.08,99.0,200.0,39517.0,-1,Mob_C0_I005,Mob_C0_A005,FX_WeaponSlash_04,FX_WeaponHit_00,Mob_Shadow_000,11667,21667,135.0
1668,4,7,심연 해골 전사,418.0,125.0,1343.0,1.22,0.05,99.0,200.0,39517.0,-1,Mob_C0_I006,Mob_C0_A006,FX_WeaponSlash_08,FX_WeaponHit_02,Mob_Shadow_000,11668,21668,192.0
1672,4,8,심연 정령,460.0,0.0,2640.0,0.86,0.01,99.0,200.0,43073.0,-1,Mob_C0_I003,Mob_C0_A003,FX_WeaponSlash_07,FX_WeaponHit_03,Mob_Shadow_000,11672,21672,113.0
1673,4,8,심연 정령,460.0,0.0,2640.0,0.86,0.01,99.0,200.0,43073.0,-1,Mob_C0_I003,Mob_C0_A003,FX_WeaponSlash_07,FX_WeaponHit_03,Mob_Shadow_000,11673,21673,113.0
1674,4,8,심연 정령,460.0,0.0,2640.0,0.86,0.01,99.0,200.0,43073.0,-1,Mob_C0_I003,Mob_C0_A003,FX_WeaponSlash_07,FX_WeaponHit_03,Mob_Shadow_000,11674,21674,113.0
1675,4,6,심연 해골 전사,445.0,255.0,1947.0,0.77,0.08,99.0,200.0,43073.0,-1,Mob_C0_I006,Mob_C0_A006,FX_WeaponSlash_04,FX_WeaponHit_00,Mob_Shadow_000,11675,21675,140.0
1676,4,7,심연 고블린 방패병,423.0,127.0,1383.0,1.25,0.05,99.0,200.0,43073.0,-1,Mob_C0_I007,Mob_C0_A007,FX_WeaponSlash_08,FX_WeaponHit_02,Mob_Shadow_000,11676,21676,192.0
1680,4,8,심연 늑대,468.0,0.0,3011.0,0.88,0.01,99.0,200.0,46949.0,-1,Mob_C0_I004,Mob_C0_A004,FX_WeaponSlash_07,FX_WeaponHit_03,Mob_Shadow_000,11680,21680,117.0
1681,4,8,심연 늑대,468.0,0.0,3011.0,0.88,0.01,99.0,200.0,46949.0,-1,Mob_C0_I004,Mob_C0_A004,FX_WeaponSlash_07,FX_WeaponHit_03,Mob_Shadow_000,11681,21681,117.0
1682,4,8,심연 늑대,468.0,0.0,3011.0,0.88,0.01,99.0,200.0,46949.0,-1,Mob_C0_I004,Mob_C0_A004,FX_WeaponSlash_07,FX_WeaponHit_03,Mob_Shadow_000,11682,21682,117.0
1683,4,6,심연 고블린 방패병,452.0,258.0,1980.0,0.78,0.08,99.0,200.0,46949.0,-1,Mob_C0_I007,Mob_C0_A007,FX_WeaponSlash_04,FX_WeaponHit_00,Mob_Shadow_000,11683,21683,143.0
1684,4,7,심연 파수꾼,430.0,129.0,1397.0,1.27,0.05,99.0,200.0,46949.0,-1,Mob_C0_I008,Mob_C0_I008,FX_WeaponSlash_08,FX_WeaponHit_02,Mob_Shadow_000,11684,21684,202.0
1688,4,1,심연 고블린 창병,455.0,304.0,1048.0,0.91,0.1,99.0,200.0,51175.0,-1,Mob_C0_I005,Mob_C0_A005,FX_WeaponSlash_06,FX_WeaponHit_11,Mob_Shadow_000,11688,21688,120.0
1689,4,1,심연 고블린 창병,455.0,304.0,1048.0,0.91,0.1,99.0,200.0,51175.0,-1,Mob_C0_I005,Mob_C0_A005,FX_WeaponSlash_06,FX_WeaponHit_11,Mob_Shadow_000,11689,21689,120.0
1690,4,1,심연 고블린 창병,455.0,304.0,1048.0,0.91,0.1,99.0,200.0,51175.0,-1,Mob_C0_I005,Mob_C0_A005,FX_WeaponSlash_06,FX_WeaponHit_11,Mob_Shadow_000,11690,21690,120.0
1691,4,2,심연 파수꾼,244.0,156.0,1728.0,0.71,0.1,99.0,200.0,51175.0,-1,Mob_C0_I008,Mob_C0_I008,FX_WeaponSlash_09,FX_WeaponHit_13,Mob_Shadow_000,11691,21691,146.0
1692,4,4,심연 거수,468.0,156.0,1337.0,0.61,0.06,99.0,200.0,51175.0,-1,Mob_C0_I009,Mob_C0_A009,FX_WeaponSlash_03,FX_WeaponHit_18,Mob_Shadow_000,11692,21692,213.0
1696,4,1,심연 해골 전사,461.0,308.0,1064.0,0.93,0.1,99.0,200.0,55780.0,-1,Mob_C0_I006,Mob_C0_A006,FX_WeaponSlash_06,FX_WeaponHit_11,Mob_Shadow_000,11696,21696,123.0
1697,4,1,심연 해골 전사,461.0,308.0,1064.0,0.93,0.1,99.0,200.0,55780.0,-1,Mob_C0_I006,Mob_C0_A006,FX_WeaponSlash_06,FX_WeaponHit_11,Mob_Shadow_000,11697,21697,123.0
1698,4,1,심연 해골 전사,461.0,308.0,1064.0,0.93,0.1,99.0,200.0,55780.0,-1,Mob_C0_I006,Mob_C0_A006,FX_WeaponSlash_06,FX_WeaponHit_11,Mob_Shadow_000,11698,21698,123.0
1699,4,2,심연 거수,248.0,158.0,1704.0,0.72,0.1,99.0,200.0,55780.0,-1,Mob_C0_I009,Mob_C0_A009,FX_WeaponSlash_09,FX_WeaponHit_13,Mob_Shadow_000,11699,21699,152.0
1700,4,4,심연 라임 슬라임,474.0,158.0,1356.0,0.62,0.06,99.0,200.0,55780.0,-1,Mob_C0_I000,Mob_C0_A000,FX_WeaponSlash_03,FX_WeaponHit_18,Mob_Shadow_000,11700,21700,217.0
1704,4,1,심연 고블린 방패병,468.0,312.0,1072.0,0.95,0.1,99.0,200.0,60800.0,-1,Mob_C0_I007,Mob_C0_A007,FX_WeaponSlash_06,FX_WeaponHit_11,Mob_Shadow_000,11704,21704,126.0
1705,4,1,심연 고블린 방패병,468.0,312.0,1072.0,0.95,0.1,99.0,200.0,60800.0,-1,Mob_C0_I007,Mob_C0_A007,FX_WeaponSlash_06,FX_WeaponHit_11,Mob_Shadow_000,11705,21705,126.0
1706,4,1,심연 고블린 방패병,468.0,312.0,1072.0,0.95,0.1,99.0,200.0,60800.0,-1,Mob_C0_I007,Mob_C0_A007,FX_WeaponSlash_06,FX_WeaponHit_11,Mob_Shadow_000,11706,21706,126.0
1707,4,2,심연 라임 슬라임,252.0,160.0,1728.0,0.73,0.1,99.0,200.0,60800.0,-1,Mob_C0_I000,Mob_C0_A000,FX_WeaponSlash_09,FX_WeaponHit_13,Mob_Shadow_000,11707,21707,156.0
1708,4,4,심연 망고 슬라임,482.0,160.0,1393.0,0.63,0.06,99.0,200.0,60800.0,-1,Mob_C0_I001,Mob_C0_A001,FX_WeaponSlash_03,FX_WeaponHit_18,Mob_Shadow_000,11708,21708,225.0
1712,4,1,심연 파수꾼,474.0,315.0,870.0,0.96,0.1,99.0,200.0,66272.0,-1,Mob_C0_I008,Mob_C0_I008,FX_WeaponSlash_06,FX_WeaponHit_11,Mob_Shadow_000,11712,21712,129.0
1713,4,1,심연 파수꾼,474.0,315.0,870.0,0.96,0.1,99.0,200.0,66272.0,-1,Mob_C0_I008,Mob_C0_I008,FX_WeaponSlash_06,FX_WeaponHit_11,Mob_Shadow_000,11713,21713,129.0
1714,4,1,심연 파수꾼,474.0,315.0,870.0,0.96,0.1,99.0,200.0,66272.0,-1,Mob_C0_I008,Mob_C0_I008,FX_WeaponSlash_06,FX_WeaponHit_11,Mob_Shadow_000,11714,21714,129.0
1715,4,2,심연 망고 슬라임,256.0,162.0,2044.0,0.75,0.1,99.0,200.0,66272.0,-1,Mob_C0_I001,Mob_C0_A001,FX_WeaponSlash_09,FX_WeaponHit_13,Mob_Shadow_000,11715,21715,162.0
1716,4,4,심연 크로우,488.0,162.0,1431.0,0.64,0.06,99.0,200.0,66272.0,-1,Mob_C0_I002,Mob_C0_A002,FX_WeaponSlash_03,FX_WeaponHit_18,Mob_Shadow_000,11716,21716,229.0
1720,4,1,심연 거수,469.0,319.0,1191.0,0.98,0.1,99.0,200.0,72237.0,-1,Mob_C0_I009,Mob_C0_A009,FX_WeaponSlash_06,FX_WeaponHit_11,Mob_Shadow_000,11720,21720,132.0
1721,4,1,심연 거수,469.0,319.0,1191.0,0.98,0.1,99.0,200.0,72237.0,-1,Mob_C0_I009,Mob_C0_A009,FX_WeaponSlash_06,FX_WeaponHit_11,Mob_Shadow_000,11721,21721,132.0
1722,4,1,심연 거수,469.0,319.0,1191.0,0.98,0.1,99.0,200.0,72237.0,-1,Mob_C0_I009,Mob_C0_A009,FX_WeaponSlash_06,FX_WeaponHit_11,Mob_Shadow_000,11722,21722,132.0
1723,4,2,심연 크로우,259.0,164.0,2079.0,0.76,0.1,99.0,200.0,72237.0,-1,Mob_C0_I002,Mob_C0_A002,FX_WeaponSlash_09,FX_WeaponHit_13,Mob_Shadow_000,11723,21723,164.0
1724,4,4,심연 정령,495.0,164.0,1450.0,0.65,0.06,99.0,200.0,72237.0,-1,Mob_C0_I003,Mob_C0_A003,FX_WeaponSlash_03,FX_WeaponHit_18,Mob_Shadow_000,11724,21724,237.0
1728,4,3,심연 라임 슬라임,488.0,323.0,1129.0,1.0,0.2,99.0,200.0,78738.0,-1,Mob_C0_I000,Mob_C0_A000,FX_WeaponSlash_02,FX_WeaponHit_15,Mob_Shadow_000,11728,21728,139.0
1729,4,3,심연 라임 슬라임,488.0,323.0,1129.0,1.0,0.2,99.0,200.0,78738.0,-1,Mob_C0_I000,Mob_C0_A000,FX_WeaponSlash_02,FX_WeaponHit_15,Mob_Shadow_000,11729,21729,139.0
1730,4,3,심연 라임 슬라임,488.0,323.0,1129.0,1.0,0.2,99.0,200.0,78738.0,-1,Mob_C0_I000,Mob_C0_A000,FX_WeaponSlash_02,FX_WeaponHit_15,Mob_Shadow_000,11730,21730,139.0
1731,4,5,심연 정령,466.0,221.0,1968.0,2.22,0.1,99.0,200.0,78738.0,-1,Mob_C0_I003,Mob_C0_A003,FX_WeaponSlash_05,FX_WeaponHit_17,Mob_Shadow_000,11731,21731,169.0
1732,4,7,심연 늑대,462.0,138.0,1550.0,1.44,0.05,99.0,200.0,78738.0,-1,Mob_C0_I004,Mob_C0_A004,FX_WeaponSlash_08,FX_WeaponHit_02,Mob_Shadow_000,11732,21732,242.0
1736,4,3,심연 망고 슬라임,494.0,326.0,1153.0,1.02,0.2,99.0,200.0,85824.0,-1,Mob_C0_I001,Mob_C0_A001,FX_WeaponSlash_02,FX_WeaponHit_15,Mob_Shadow_000,11736,21736,142.0
1737,4,3,심연 망고 슬라임,494.0,326.0,1153.0,1.02,0.2,99.0,200.0,85824.0,-1,Mob_C0_I001,Mob_C0_A001,FX_WeaponSlash_02,FX_WeaponHit_15,Mob_Shadow_000,11737,21737,142.0
1738,4,3,심연 망고 슬라임,494.0,326.0,1153.0,1.02,0.2,99.0,200.0,85824.0,-1,Mob_C0_I001,Mob_C0_A001,FX_WeaponSlash_02,FX_WeaponHit_15,Mob_Shadow_000,11738,21738,142.0
1739,4,5,심연 늑대,468.0,224.0,1992.0,2.26,0.1,99.0,200.0,85824.0,-1,Mob_C0_I004,Mob_C0_A004,FX_WeaponSlash_05,FX_WeaponHit_17,Mob_Shadow_000,11739,21739,169.0
1740,4,7,심연 고블린 창병,467.0,140.0,1565.0,1.47,0.05,99.0,200.0,85824.0,-1,Mob_C0_I005,Mob_C0_A005,FX_WeaponSlash_08,FX_WeaponHit_02,Mob_Shadow_000,11740,21740,242.0
1744,4,3,심연 크로우,500.0,331.0,1169.0,1.03,0.2,99.0,200.0,93548.0,-1,Mob_C0_I002,Mob_C0_A002,FX_WeaponSlash_02,FX_WeaponHit_15,Mob_Shadow_000,11744,21744,145.0
1745,4,3,심연 크로우,500.0,331.0,1169.0,1.03,0.2,99.0,200.0,93548.0,-1,Mob_C0_I002,Mob_C0_A002,FX_WeaponSlash_02,FX_WeaponHit_15,Mob_Shadow_000,11745,21745,145.0
1746,4,3,심연 크로우,500.0,331.0,1169.0,1.03,0.2,99.0,200.0,93548.0,-1,Mob_C0_I002,Mob_C0_A002,FX_WeaponSlash_02,FX_WeaponHit_15,Mob_Shadow_000,11746,21746,145.0
1747,4,5,심연 고블린 창병,474.0,227.0,2024.0,2.3,0.1,99.0,200.0,93548.0,-1,Mob_C0_I005,Mob_C0_A005,FX_WeaponSlash_05,FX_WeaponHit_17,Mob_Shadow_000,11747,21747,177.0
1748,4,7,심연 해골 전사,473.0,141.0,1587.0,1.49,0.05,99.0,200.0,93548.0,-1,Mob_C0_I006,Mob_C0_A006,FX_WeaponSlash_08,FX_WeaponHit_02,Mob_Shadow_000,11748,21748,254.0
1752,4,3,심연 정령,507.0,334.0,1193.0,1.05,0.2,99.0,200.0,101967.0,-1,Mob_C0_I003,Mob_C0_A003,FX_WeaponSlash_02,FX_WeaponHit_15,Mob_Shadow_000,11752,21752,148.0
1753,4,3,심연 정령,507.0,334.0,1193.0,1.05,0.2,99.0,200.0,101967.0,-1,Mob_C0_I003,Mob_C0_A003,FX_WeaponSlash_02,FX_WeaponHit_15,Mob_Shadow_000,11753,21753,148.0
1754,4,3,심연 정령,507.0,334.0,1193.0,1.05,0.2,99.0,200.0,101967.0,-1,Mob_C0_I003,Mob_C0_A003,FX_WeaponSlash_02,FX_WeaponHit_15,Mob_Shadow_000,11754,21754,148.0
1755,4,5,심연 해골 전사,481.0,229.0,2056.0,2.34,0.1,99.0,200.0,101967.0,-1,Mob_C0_I006,Mob_C0_A006,FX_WeaponSlash_05,FX_WeaponHit_17,Mob_Shadow_000,11755,21755,185.0
1756,4,7,심연 고블린 방패병,478.0,143.0,1626.0,1.52,0.05,99.0,200.0,101967.0,-1,Mob_C0_I007,Mob_C0_A007,FX_WeaponSlash_08,FX_WeaponHit_02,Mob_Shadow_000,11756,21756,262.0
1760,4,3,심연 늑대,501.0,338.0,1360.0,1.07,0.2,99.0,200.0,111144.0,-1,Mob_C0_I004,Mob_C0_A004,FX_WeaponSlash_02,FX_WeaponHit_15,Mob_Shadow_000,11760,21760,153.0
1761,4,3,심연 늑대,501.0,338.0,1360.0,1.07,0.2,99.0,200.0,111144.0,-1,Mob_C0_I004,Mob_C0_A004,FX_WeaponSlash_02,FX_WeaponHit_15,Mob_Shadow_000,11761,21761,153.0
1762,4,3,심연 늑대,501.0,338.0,1360.0,1.07,0.2,99.0,200.0,111144.0,-1,Mob_C0_I004,Mob_C0_A004,FX_WeaponSlash_02,FX_WeaponHit_15,Mob_Shadow_000,11762,21762,153.0
1763,4,5,심연 고블린 방패병,486.0,231.0,2088.0,2.38,0.1,99.0,200.0,111144.0,-1,Mob_C0_I007,Mob_C0_A007,FX_WeaponSlash_05,FX_WeaponHit_17,Mob_Shadow_000,11763,21763,185.0
1764,4,7,심연 파수꾼,483.0,144.0,1645.0,1.55,0.05,99.0,200.0,111144.0,-1,Mob_C0_I008,Mob_C0_I008,FX_WeaponSlash_08,FX_WeaponHit_02,Mob_Shadow_000,11764,21764,262.0
1768,4,6,심연 고블린 창병,497.0,293.0,2639.0,0.98,0.08,99.0,200.0,121146.0,-1,Mob_C0_I005,Mob_C0_A005,FX_WeaponSlash_04,FX_WeaponHit_00,Mob_Shadow_000,11768,21768,158.0
1769,4,6,심연 고블린 창병,497.0,293.0,2639.0,0.98,0.08,99.0,200.0,121146.0,-1,Mob_C0_I005,Mob_C0_A005,FX_WeaponSlash_04,FX_WeaponHit_00,Mob_Shadow_000,11769,21769,158.0
1770,4,6,심연 고블린 창병,497.0,293.0,2639.0,0.98,0.08,99.0,200.0,121146.0,-1,Mob_C0_I005,Mob_C0_A005,FX_WeaponSlash_04,FX_WeaponHit_00,Mob_Shadow_000,11770,21770,158.0
1771,4,8,심연 파수꾼,516.0,0.0,4146.0,1.1,0.01,99.0,200.0,121146.0,-1,Mob_C0_I008,Mob_C0_I008,FX_WeaponSlash_07,FX_WeaponHit_03,Mob_Shadow_000,11771,21771,193.0
1772,4,4,심연 거수,537.0,176.0,1575.0,0.73,0.06,99.0,200.0,121146.0,-1,Mob_C0_I009,Mob_C0_A009,FX_WeaponSlash_03,FX_WeaponHit_18,Mob_Shadow_000,11772,21772,278.0
1776,4,6,심연 해골 전사,503.0,296.0,2678.0,0.99,0.08,99.0,200.0,132049.0,-1,Mob_C0_I006,Mob_C0_A006,FX_WeaponSlash_04,FX_WeaponHit_00,Mob_Shadow_000,11776,21776,158.0
1777,4,6,심연 해골 전사,503.0,296.0,2678.0,0.99,0.08,99.0,200.0,132049.0,-1,Mob_C0_I006,Mob_C0_A006,FX_WeaponSlash_04,FX_WeaponHit_00,Mob_Shadow_000,11777,21777,158.0
1778,4,6,심연 해골 전사,503.0,296.0,2678.0,0.99,0.08,99.0,200.0,132049.0,-1,Mob_C0_I006,Mob_C0_A006,FX_WeaponSlash_04,FX_WeaponHit_00,Mob_Shadow_000,11778,21778,158.0
1779,4,8,심연 거수,524.0,0.0,3815.0,1.12,0.01,99.0,200.0,132049.0,-1,Mob_C0_I009,Mob_C0_A009,FX_WeaponSlash_07,FX_WeaponHit_03,Mob_Shadow_000,11779,21779,201.0
1780,4,4,심연 라임 슬라임,545.0,177.0,1593.0,0.74,0.06,99.0,200.0,132049.0,-1,Mob_C0_I000,Mob_C0_A000,FX_WeaponSlash_03,FX_WeaponHit_18,Mob_Shadow_000,11780,21780,286.0
1784,4,6,심연 고블린 방패병,508.0,299.0,2926.0,1.01,0.08,99.0,200.0,143933.0,-1,Mob_C0_I007,Mob_C0_A007,FX_WeaponSlash_04,FX_WeaponHit_00,Mob_Shadow_000,11784,21784,164.0
1785,4,6,심연 고블린 방패병,508.0,299.0,2926.0,1.01,0.08,99.0,200.0,143933.0,-1,Mob_C0_I007,Mob_C0_A007,FX_WeaponSlash_04,FX_WeaponHit_00,Mob_Shadow_000,11785,21785,164.0
1786,4,6,심연 고블린 방패병,508.0,299.0,2926.0,1.01,0.08,99.0,200.0,143933.0,-1,Mob_C0_I007,Mob_C0_A007,FX_WeaponSlash_04,FX_WeaponHit_00,Mob_Shadow_000,11786,21786,164.0
1787,4,8,심연 라임 슬라임,530.0,0.0,3861.0,1.13,0.01,99.0,200.0,143933.0,-1,Mob_C0_I000,Mob_C0_A000,FX_WeaponSlash_07,FX_WeaponHit_03,Mob_Shadow_000,11787,21787,205.0
1788,4,4,심연 망고 슬라임,552.0,179.0,1609.0,0.76,0.06,99.0,200.0,143933.0,-1,Mob_C0_I001,Mob_C0_A001,FX_WeaponSlash_03,FX_WeaponHit_18,Mob_Shadow_000,11788,21788,294.0
1792,4,6,심연 파수꾼,514.0,303.0,2842.0,1.02,0.08,99.0,200.0,156887.0,-1,Mob_C0_I008,Mob_C0_I008,FX_WeaponSlash_04,FX_WeaponHit_00,Mob_Shadow_000,11792,21792,169.0
1793,4,6,심연 파수꾼,514.0,303.0,2842.0,1.02,0.08,99.0,200.0,156887.0,-1,Mob_C0_I008,Mob_C0_I008,FX_WeaponSlash_04,FX_WeaponHit_00,Mob_Shadow_000,11793,21793,169.0
1794,4,6,심연 파수꾼,514.0,303.0,2842.0,1.02,0.08,99.0,200.0,156887.0,-1,Mob_C0_I008,Mob_C0_I008,FX_WeaponSlash_04,FX_WeaponHit_00,Mob_Shadow_000,11794,21794,169.0
1795,4,8,심연 망고 슬라임,536.0,0.0,3915.0,1.15,0.01,99.0,200.0,156887.0,-1,Mob_C0_I001,Mob_C0_A001,FX_WeaponSlash_07,FX_WeaponHit_03,Mob_Shadow_000,11795,21795,209.0
1796,4,4,심연 크로우,559.0,181.0,1654.0,0.77,0.06,99.0,200.0,156887.0,-1,Mob_C0_I002,Mob_C0_A002,FX_WeaponSlash_03,FX_WeaponHit_18,Mob_Shadow_000,11796,21796,302.0
1800,4,6,심연 거수,516.0,306.0,2884.0,1.04,0.08,99.0,200.0,171006.0,-1,Mob_C0_I009,Mob_C0_A009,FX_WeaponSlash_04,FX_WeaponHit_00,Mob_Shadow_000,11800,21800,172.0
1801,4,6,심연 거수,516.0,306.0,2884.0,1.04,0.08,99.0,200.0,171006.0,-1,Mob_C0_I009,Mob_C0_A009,FX_WeaponSlash_04,FX_WeaponHit_00,Mob_Shadow_000,11801,21801,172.0
1802,4,6,심연 거수,516.0,306.0,2884.0,1.04,0.08,99.0,200.0,171006.0,-1,Mob_C0_I009,Mob_C0_A009,FX_WeaponSlash_04,FX_WeaponHit_00,Mob_Shadow_000,11802,21802,172.0
1803,4,8,심연 크로우,543.0,0.0,3961.0,1.17,0.01,99.0,200.0,171006.0,-1,Mob_C0_I002,Mob_C0_A002,FX_WeaponSlash_07,FX_WeaponHit_03,Mob_Shadow_000,11803,21803,213.0
1804,4,4,심연 정령,551.0,183.0,1669.0,0.78,0.06,99.0,200.0,171006.0,-1,Mob_C0_I003,Mob_C0_A003,FX_WeaponSlash_03,FX_WeaponHit_18,Mob_Shadow_000,11804,21804,307.0
904,4,6,검은 태양,596.0,309.0,6762.0,0.88,0.15,20.0,200.0,513019.0,-1,Mob_C0_I009,Mob_C0_A009,FX_WeaponSlash_04,FX_WeaponHit_04,Mob_Shadow_000,10904,20904,892.0
