ID,Dungeon_ID,Type,Up_Stairs,Down_Stairs,Boss_Room,ATK_보정 (n),DEF_보정 (n),EXP_보정 (%),BGM,던전 이름_ID,기준 레벨_입장,기준 레벨_퇴장,제단_공격,제단_방어,제단_값 (%),제단_값 증가 (%),제단_남길 HP (%),제단_남길 HP 탑의 법 (%)
0,00_000,Common,00_001,-,-,1,1,200,BGM_000,5000,0,0,0.0,0.0,0.0,0.0,0.0,0.0
1,00_001,Common,00_002,00_000,00_003,1,1,200,BGM_000,5001,0,0,0.0,0.0,0.0,0.0,0.0,0.0
2,00_002,Common,-,00_001,-,4,4,200,BGM_001,5002,0,0,0.0,0.0,0.0,0.0,0.0,0.0
3,00_003,Boss,00_004,-,-,1,1,400,BGM_002,5003,0,0,0.0,0.0,0.0,0.0,0.0,0.0
4,00_004,Common,00_005,00_003,-,1,1,100,BGM_CH0,5105,16,17,3.0,1.0,10.0,1.0,10.0,31.0
5,00_005,Common,00_006,00_004,-,1,1,100,BGM_CH0,5106,17,18,0.0,0.0,0.0,0.0,0.0,0.0
6,00_006,Common,00_007,00_005,-,1,1,100,BGM_CH0,5107,18,19,0.0,0.0,0.0,0.0,0.0,0.0
7,00_007,Common,00_008,00_006,-,1,1,100,BGM_CH0,5108,19,20,0.0,0.0,0.0,0.0,0.0,0.0
8,00_008,Common,00_009,00_007,-,1,1,100,BGM_CH0,5109,20,21,0.0,0.0,0.0,0.0,0.0,0.0
9,00_009,Common,00_010,00_008,-,1,1,100,BGM_CH0,5110,21,22,3.0,1.0,10.0,1.0,12.0,43.0
10,00_010,Common,00_011,00_009,-,1,1,100,BGM_CH0,5111,22,23,0.0,0.0,0.0,0.0,0.0,0.0
11,00_011,Common,00_012,00_010,-,1,1,100,BGM_CH0,5112,23,24,0.0,0.0,0.0,0.0,0.0,0.0
12,00_012,Common,00_013,00_011,-,1,1,100,BGM_CH0,5113,24,25,0.0,0.0,0.0,0.0,0.0,0.0
13,00_013,Common,00_014,00_012,-,1,1,100,BGM_CH0,5114,25,26,0.0,0.0,0.0,0.0,0.0,0.0
14,00_014,Common,00_015,00_013,-,1,1,100,BGM_CH0,5115,26,27,3.0,1.0,10.0,1.0,11.0,50.0
15,00_015,Common,00_016,00_014,-,1,1,100,BGM_CH0,5116,27,28,0.0,0.0,0.0,0.0,0.0,0.0
16,00_016,Common,00_017,00_015,-,1,1,100,BGM_CH0,5117,28,29,0.0,0.0,0.0,0.0,0.0,0.0
17,00_017,Common,00_018,00_016,-,1,1,100,BGM_CH0,5118,29,30,0.0,0.0,0.0,0.0,0.0,0.0
18,00_018,Common,00_019,00_017,-,1,1,100,BGM_CH0,5119,30,31,0.0,0.0,0.0,0.0,0.0,0.0
19,00_019,Boss,01_000,00_018,-,1,1,100,BGM_CH0,5120,31,32,6.0,1.0,10.0,1.0,10.0,24.0
20,01_000,Common,01_001,00_019,-,1,1,100,BGM_CH1,5121,32,33,0.0,0.0,0.0,0.0,0.0,0.0
21,01_001,Common,01_002,01_000,-,1,1,100,BGM_CH1,5122,33,34,0.0,0.0,0.0,0.0,0.0,0.0
22,01_002,Common,01_003,01_001,-,1,1,100,BGM_CH1,5123,34,35,0.0,0.0,0.0,0.0,0.0,0.0
23,01_003,Common,01_004,01_002,-,1,1,100,BGM_CH1,5124,35,36,0.0,0.0,0.0,0.0,0.0,0.0
24,01_004,Common,01_005,01_003,-,1,1,100,BGM_CH1,5125,36,37,6.0,1.0,10.0,1.0,11.0,32.0
25,01_005,Common,01_006,01_004,-,1,1,100,BGM_CH1,5126,37,38,0.0,0.0,0.0,0.0,0.0,0.0
26,01_006,Common,01_007,01_005,-,1,1,100,BGM_CH1,5127,38,39,0.0,0.0,0.0,0.0,0.0,0.0
27,01_007,Common,01_008,01_006,-,1,1,100,BGM_CH1,5128,39,40,0.0,0.0,0.0,0.0,0.0,0.0
28,01_008,Common,01_009,01_007,-,1,1,100,BGM_CH1,5129,40,41,0.0,0.0,0.0,0.0,0.0,0.0
29,01_009,Common,01_010,01_008,-,1,1,100,BGM_CH1,5130,41,42,6.0,1.0,10.0,1.0,11.0,39.0
30,01_010,Common,01_011,01_009,-,1,1,100,BGM_CH1,5131,42,43,0.0,0.0,0.0,0.0,0.0,0.0
31,01_011,Common,01_012,01_010,-,1,1,100,BGM_CH1,5132,43,44,0.0,0.0,0.0,0.0,0.0,0.0
32,01_012,Common,01_013,01_011,-,1,1,100,BGM_CH1,5133,44,45,0.0,0.0,0.0,0.0,0.0,0.0
33,01_013,Common,01_014,01_012,-,1,1,100,BGM_CH1,5134,45,46,0.0,0.0,0.0,0.0,0.0,0.0
34,01_014,Common,01_015,01_013,-,1,1,100,BGM_CH1,5135,46,47,6.0,1.0,10.0,1.0,23.0,57.0
35,01_015,Common,01_016,01_014,-,1,1,100,BGM_CH1,5136,47,48,0.0,0.0,0.0,0.0,0.0,0.0
36,01_016,Common,01_017,01_015,-,1,1,100,BGM_CH1,5137,48,49,0.0,0.0,0.0,0.0,0.0,0.0
37,01_017,Common,01_018,01_016,-,1,1,100,BGM_CH1,5138,49,50,0.0,0.0,0.0,0.0,0.0,0.0
38,01_018,Common,01_019,01_017,-,1,1,100,BGM_CH1,5139,50,51,0.0,0.0,0.0,0.0,0.0,0.0
39,01_019,Boss,02_000,01_018,-,1,1,100,BGM_CH1,5140,51,52,6.0,1.0,10.0,1.0,11.0,31.0
40,02_000,Common,02_001,01_019,-,1,1,100,BGM_CH2,5141,52,53,0.0,0.0,0.0,0.0,0.0,0.0
41,02_001,Common,02_002,02_000,-,1,1,100,BGM_CH2,5142,53,54,0.0,0.0,0.0,0.0,0.0,0.0
42,02_002,Common,02_003,02_001,-,1,1,100,BGM_CH2,5143,54,55,0.0,0.0,0.0,0.0,0.0,0.0
43,02_003,Common,02_004,02_002,-,1,1,100,BGM_CH2,5144,55,56,0.0,0.0,0.0,0.0,0.0,0.0
44,02_004,Common,02_005,02_003,-,1,1,100,BGM_CH2,5145,56,57,6.0,1.0,10.0,1.0,11.0,32.0
45,02_005,Common,02_006,02_004,-,1,1,100,BGM_CH2,5146,57,58,0.0,0.0,0.0,0.0,0.0,0.0
46,02_006,Common,02_007,02_005,-,1,1,100,BGM_CH2,5147,58,59,0.0,0.0,0.0,0.0,0.0,0.0
47,02_007,Common,02_008,02_006,-,1,1,100,BGM_CH2,5148,59,60,0.0,0.0,0.0,0.0,0.0,0.0
48,02_008,Common,02_009,02_007,-,1,1,100,BGM_CH2,5149,60,61,0.0,0.0,0.0,0.0,0.0,0.0
49,02_009,Common,02_010,02_008,-,1,1,100,BGM_CH2,5150,61,62,6.0,1.0,10.0,1.0,18.0,54.0
50,02_010,Common,02_011,02_009,-,1,1,100,BGM_CH2,5151,62,63,0.0,0.0,0.0,0.0,0.0,0.0
51,02_011,Common,02_012,02_010,-,1,1,100,BGM_CH2,5152,63,64,0.0,0.0,0.0,0.0,0.0,0.0
52,02_012,Common,02_013,02_011,-,1,1,100,BGM_CH2,5153,64,65,0.0,0.0,0.0,0.0,0.0,0.0
53,02_013,Common,02_014,02_012,-,1,1,100,BGM_CH2,5154,65,66,0.0,0.0,0.0,0.0,0.0,0.0
54,02_014,Common,02_015,02_013,-,1,1,100,BGM_CH2,5155,66,67,6.0,1.0,10.0,1.0,24.0,59.0
55,02_015,Common,02_016,02_014,-,1,1,100,BGM_CH2,5156,67,68,0.0,0.0,0.0,0.0,0.0,0.0
56,02_016,Common,02_017,02_015,-,1,1,100,BGM_CH2,5157,68,69,0.0,0.0,0.0,0.0,0.0,0.0
57,02_017,Common,02_018,02_016,-,1,1,100,BGM_CH2,5158,69,70,0.0,0.0,0.0,0.0,0.0,0.0
58,02_018,Common,02_019,02_017,-,1,1,100,BGM_CH2,5159,70,71,0.0,0.0,0.0,0.0,0.0,0.0
59,02_019,Boss,03_000,02_018,-,1,1,100,BGM_CH2,5160,71,72,3.0,1.0,10.0,1.0,11.0,32.0
60,03_000,Common,03_001,02_019,-,1,1,100,BGM_CH3,5161,72,73,0.0,0.0,0.0,0.0,0.0,0.0
61,03_001,Common,03_002,03_000,-,1,1,100,BGM_CH3,5162,73,74,0.0,0.0,0.0,0.0,0.0,0.0
62,03_002,Common,03_003,03_001,-,1,1,100,BGM_CH3,5163,74,75,0.0,0.0,0.0,0.0,0.0,0.0
63,03_003,Common,03_004,03_002,-,1,1,100,BGM_CH3,5164,75,76,0.0,0.0,0.0,0.0,0.0,0.0
64,03_004,Common,03_005,03_003,-,1,1,100,BGM_CH3,5165,76,77,3.0,1.0,10.0,1.0,15.0,39.0
65,03_005,Common,03_006,03_004,-,1,1,100,BGM_CH3,5166,77,78,0.0,0.0,0.0,0.0,0.0,0.0
66,03_006,Common,03_007,03_005,-,1,1,100,BGM_CH3,5167,78,79,0.0,0.0,0.0,0.0,0.0,0.0
67,03_007,Common,03_008,03_006,-,1,1,100,BGM_CH3,5168,79,80,0.0,0.0,0.0,0.0,0.0,0.0
68,03_008,Common,03_009,03_007,-,1,1,100,BGM_CH3,5169,80,81,0.0,0.0,0.0,0.0,0.0,0.0
69,03_009,Common,03_010,03_008,-,1,1,100,BGM_CH3,5170,81,82,3.0,1.0,10.0,1.0,16.0,45.0
70,03_010,Common,03_011,03_009,-,1,1,100,BGM_CH3,5171,82,83,0.0,0.0,0.0,0.0,0.0,0.0
71,03_011,Common,03_012,03_010,-,1,1,100,BGM_CH3,5172,83,84,0.0,0.0,0.0,0.0,0.0,0.0
72,03_012,Common,03_013,03_011,-,1,1,100,BGM_CH3,5173,84,85,0.0,0.0,0.0,0.0,0.0,0.0
73,03_013,Common,03_014,03_012,-,1,1,100,BGM_CH3,5174,85,86,0.0,0.0,0.0,0.0,0.0,0.0
74,03_014,Common,03_015,03_013,-,1,1,100,BGM_CH3,5175,86,87,3.0,1.0,10.0,1.0,24.0,58.0
75,03_015,Common,03_016,03_014,-,1,1,100,BGM_CH3,5176,87,88,0.0,0.0,0.0,0.0,0.0,0.0
76,03_016,Common,03_017,03_015,-,1,1,100,BGM_CH3,5177,88,89,0.0,0.0,0.0,0.0,0.0,0.0
77,03_017,Common,03_018,03_016,-,1,1,100,BGM_CH3,5178,89,90,0.0,0.0,0.0,0.0,0.0,0.0
78,03_018,Common,03_019,03_017,-,1,1,100,BGM_CH3,5179,90,91,0.0,0.0,0.0,0.0,0.0,0.0
79,03_019,Boss,04_000,03_018,-,1,1,100,BGM_CH3,5180,91,92,6.0,1.0,10.0,1.0,11.0,34.0
80,04_000,Common,04_001,03_019,-,1,1,100,BGM_CH4,5181,92,93,0.0,0.0,0.0,0.0,0.0,0.0
81,04_001,Common,04_002,04_000,-,1,1,100,BGM_CH4,5182,93,94,0.0,0.0,0.0,0.0,0.0,0.0
82,04_002,Common,04_003,04_001,-,1,1,100,BGM_CH4,5183,94,95,0.0,0.0,0.0,0.0,0.0,0.0
83,04_003,Common,04_004,04_002,-,1,1,100,BGM_CH4,5184,95,96,0.0,0.0,0.0,0.0,0.0,0.0
84,04_004,Common,04_005,04_003,-,1,1,100,BGM_CH4,5185,96,97,6.0,1.0,10.0,1.0,16.0,40.0
85,04_005,Common,04_006,04_004,-,1,1,100,BGM_CH4,5186,97,98,0.0,0.0,0.0,0.0,0.0,0.0
86,04_006,Common,04_007,04_005,-,1,1,100,BGM_CH4,5187,98,99,0.0,0.0,0.0,0.0,0.0,0.0
87,04_007,Common,04_008,04_006,-,1,1,100,BGM_CH4,5188,99,100,0.0,0.0,0.0,0.0,0.0,0.0
88,04_008,Common,04_009,04_007,-,1,1,100,BGM_CH4,5189,100,101,0.0,0.0,0.0,0.0,0.0,0.0
89,04_009,Common,04_010,04_008,-,1,1,100,BGM_CH4,5190,101,102,6.0,1.0,10.0,1.0,18.0,54.0
90,04_010,Common,04_011,04_009,-,1,1,100,BGM_CH4,5191,102,103,0.0,0.0,0.0,0.0,0.0,0.0
91,04_011,Common,04_012,04_010,-,1,1,100,BGM_CH4,5192,103,104,0.0,0.0,0.0,0.0,0.0,0.0
92,04_012,Common,04_013,04_011,-,1,1,100,BGM_CH4,5193,104,105,0.0,0.0,0.0,0.0,0.0,0.0
93,04_013,Common,04_014,04_012,-,1,1,100,BGM_CH4,5194,105,106,0.0,0.0,0.0,0.0,0.0,0.0
94,04_014,Common,04_015,04_013,-,1,1,100,BGM_CH4,5195,106,107,6.0,1.0,10.0,1.0,24.0,60.0
95,04_015,Common,04_016,04_014,-,1,1,100,BGM_CH4,5196,107,108,0.0,0.0,0.0,0.0,0.0,0.0
96,04_016,Common,04_017,04_015,-,1,1,100,BGM_CH4,5197,108,109,0.0,0.0,0.0,0.0,0.0,0.0
97,04_017,Common,04_018,04_016,-,1,1,100,BGM_CH4,5198,109,110,0.0,0.0,0.0,0.0,0.0,0.0
98,04_018,Common,04_019,04_017,-,1,1,100,BGM_CH4,5199,110,111,0.0,0.0,0.0,0.0,0.0,0.0
99,04_019,Boss,-,04_018,-,1,1,100,BGM_CH4,5200,111,112,0.0,0.0,0.0,0.0,0.0,0.0
